website_id,session_id,visit_id,event_id,hostname,browser,os,device,screen,language,country,region,city,url_path,url_query,utm_source,utm_medium,utm_campaign,utm_content,utm_term,referrer_path,referrer_query,referrer_domain,page_title,gclid,fbclid,msclkid,ttclid,li_fat_id,twclid,lcp,inp,cls,fcp,ttfb,event_type,event_name,tag,distinct_id,created_at,job_id
8b01b6b5-5654-44d9-896b-6b4a52226756,ad0100e9-836f-5916-b0d2-642dd64017c7,98be3313-df7a-59b9-bc6d-94bf8cdee604,df3ce2f6-ec64-4d06-9f3f-21744d2015e8,www.cmd.bzh,chrome,Android OS,mobile,360x780,fr-FR,FR,,,/,,,,,,,/,,google.com,"Conciergerie Presqu'île de Crozon - CMD Breizh | Nettoyage, Jardinage, Gestion",,,,,,,\N,\N,\N,\N,\N,1,,,,2026-08-14 14:55:50,\N
8b01b6b5-5654-44d9-896b-6b4a52226756,ad0100e9-836f-5916-b0d2-642dd64017c7,98be3313-df7a-59b9-bc6d-94bf8cdee604,c38490e0-6e61-4cbf-8c47-180840308683,www.cmd.bzh,chrome,Android OS,mobile,360x780,fr-FR,FR,,,/,tab=Contact,,,,,,/,tab=Contact,,"Conciergerie Presqu'île de Crozon - CMD Breizh | Nettoyage, Jardinage, Gestion",,,,,,,\N,\N,\N,\N,\N,1,,,,2026-08-14 14:55:54,\N
8b01b6b5-5654-44d9-896b-6b4a52226756,ad0100e9-836f-5916-b0d2-642dd64017c7,98be3313-df7a-59b9-bc6d-94bf8cdee604,8e52ae40-094a-48c5-ab87-7221bea1cc40,www.cmd.bzh,chrome,Android OS,mobile,360x780,fr-FR,FR,,,/,,,,,,,/,tab=Contact,,"Conciergerie Presqu'île de Crozon - CMD Breizh | Nettoyage, Jardinage, Gestion",,,,,,,\N,\N,\N,\N,\N,1,,,,2026-08-14 14:55:55,\N
8b01b6b5-5654-44d9-896b-6b4a52226756,ad0100e9-836f-5916-b0d2-642dd64017c7,98be3313-df7a-59b9-bc6d-94bf8cdee604,3d16d0d9-5ab7-405c-a2fb-0b4c93a48a74,www.cmd.bzh,chrome,Android OS,mobile,360x780,fr-FR,FR,,,/,tab=About,,,,,,/,tab=About,,"Conciergerie Presqu'île de Crozon - CMD Breizh | Nettoyage, Jardinage, Gestion",,,,,,,\N,\N,\N,\N,\N,1,,,,2026-08-14 14:58:28,\N
8b01b6b5-5654-44d9-896b-6b4a52226756,ad0100e9-836f-5916-b0d2-642dd64017c7,98be3313-df7a-59b9-bc6d-94bf8cdee604,1f3009aa-a532-494e-bbce-c5a226e42690,www.cmd.bzh,chrome,Android OS,mobile,360x780,fr-FR,FR,,,/,,,,,,,/,tab=About,,"Conciergerie Presqu'île de Crozon - CMD Breizh | Nettoyage, Jardinage, Gestion",,,,,,,\N,\N,\N,\N,\N,1,,,,2026-08-14 14:58:39,\N
8b01b6b5-5654-44d9-896b-6b4a52226756,27bcea45-8b3a-559b-a91a-01866f8f68cb,c8f8dab5-8fd7-5fc6-b1e4-5a06f3382760,b224a013-6d1c-40dc-93b6-f97c6191db02,www.cmd.bzh,ios,iOS,mobile,375x812,fr-FR,FR,FR-IDF,Chelles,/,,,,,,,/,,google.com,"Conciergerie Presqu'île de Crozon - CMD Breizh | Nettoyage, Jardinage, Gestion",,,,,,,\N,\N,\N,\N,\N,1,,,,2026-08-16 10:57:37,\N
8b01b6b5-5654-44d9-896b-6b4a52226756,27bcea45-8b3a-559b-a91a-01866f8f68cb,c8f8dab5-8fd7-5fc6-b1e4-5a06f3382760,6f6e0b33-39c8-4723-afc7-afdc502ee043,www.cmd.bzh,ios,iOS,mobile,375x812,fr-FR,FR,FR-IDF,Chelles,/,tab=About,,,,,,/,tab=About,,"Conciergerie Presqu'île de Crozon - CMD Breizh | Nettoyage, Jardinage, Gestion",,,,,,,\N,\N,\N,\N,\N,1,,,,2026-08-16 10:57:48,\N
8b01b6b5-5654-44d9-896b-6b4a52226756,27bcea45-8b3a-559b-a91a-01866f8f68cb,c8f8dab5-8fd7-5fc6-b1e4-5a06f3382760,02143a54-da06-4466-9fda-0ac21dec6172,www.cmd.bzh,ios,iOS,mobile,375x812,fr-FR,FR,FR-IDF,Chelles,/,tab=Reviews,,,,,,/,tab=Reviews,,"Conciergerie Presqu'île de Crozon - CMD Breizh | Nettoyage, Jardinage, Gestion",,,,,,,\N,\N,\N,\N,\N,1,,,,2026-08-16 10:57:57,\N
8b01b6b5-5654-44d9-896b-6b4a52226756,27bcea45-8b3a-559b-a91a-01866f8f68cb,c8f8dab5-8fd7-5fc6-b1e4-5a06f3382760,c725885b-cdb9-42ee-b236-b0488c2eb1b0,www.cmd.bzh,ios,iOS,mobile,375x812,fr-FR,FR,FR-IDF,Chelles,/,tab=About,,,,,,/,tab=Reviews,,"Conciergerie Presqu'île de Crozon - CMD Breizh | Nettoyage, Jardinage, Gestion",,,,,,,\N,\N,\N,\N,\N,1,,,,2026-08-16 10:58:42,\N
8b01b6b5-5654-44d9-896b-6b4a52226756,3adef842-939d-59c8-b0e8-9135e13796f1,fe0aab9c-76ff-5337-8a82-64d6a939590f,a3bde519-190c-400d-bc86-c8e3bc7b49a7,www.cmd.bzh,chrome,Windows 10,laptop,1561x879,es-419,US,US-MO,St Louis,/robots.txt,,,,,,,,,,"Conciergerie Presqu'île de Crozon - CMD Breizh | Nettoyage, Jardinage, Gestion",,,,,,,\N,\N,\N,\N,\N,1,,,,2026-08-16 16:09:33,\N
8b01b6b5-5654-44d9-896b-6b4a52226756,694aeaff-1765-55fc-a002-8b94e9393c7a,4bd6a178-562a-50fe-b357-689ed7dff051,76101512-2ddb-408b-95be-31ee7d807664,www.cmd.bzh,ios,iOS,mobile,375x812,fr-FR,FR,FR-IDF,Chelles,/,tab=About,,,,,,/,,google.com,"Conciergerie Presqu'île de Crozon - CMD Breizh | Nettoyage, Jardinage, Gestion",,,,,,,\N,\N,\N,\N,\N,1,,,,2026-08-16 20:10:24,\N
8b01b6b5-5654-44d9-896b-6b4a52226756,f141bec3-5fba-5db3-89b0-e03150ba713a,21a3790a-50cd-5ce5-b5f5-08c69e2722aa,6634e939-3819-4e06-ba40-eee9b6ae73fd,www.cmd.bzh,chrome,Linux,laptop,1920x1080,en-US,DE,DE-SN,Falkenstein,/,,,,,,,,,,"Conciergerie Presqu'île de Crozon - CMD Breizh | Nettoyage, Jardinage, Gestion",,,,,,,\N,\N,\N,\N,\N,1,,,,2026-08-17 08:35:57,\N
8b01b6b5-5654-44d9-896b-6b4a52226756,ea52cddd-3a33-5b44-a5ed-7d3d8b60e5fe,fa3684d9-68d1-5bc2-b8a8-bd9927d46b30,4eda9a4f-f5ac-43b1-ad55-f0d24dea3266,www.cmd.bzh,chrome,Windows 10,laptop,1536x864,en-US,DE,DE-SN,Falkenstein,/,,,,,,,,,,"Conciergerie Presqu'île de Crozon - CMD Breizh | Nettoyage, Jardinage, Gestion",,,,,,,\N,\N,\N,\N,\N,1,,,,2026-08-17 08:35:58,\N
8b01b6b5-5654-44d9-896b-6b4a52226756,a9ad1ce9-ca45-560d-af28-95063168d346,747812d2-9d6d-5d06-bc20-df97870765c5,fb42d5ba-1d6a-4f01-bb79-1990f1c676de,www.cmd.bzh,chrome,Linux,laptop,1920x1080,en-US,US,,,/,,,,,,,,,,"Conciergerie Presqu'île de Crozon - CMD Breizh | Nettoyage, Jardinage, Gestion",,,,,,,\N,\N,\N,\N,\N,1,,,,2026-08-17 08:36:24,\N
8b01b6b5-5654-44d9-896b-6b4a52226756,90013284-c627-58f9-8b9a-d20e3738f5d8,f738f601-e82a-5e69-9fdc-77f1d2c524cf,b729873d-ecdd-4921-9353-ef8989a14213,www.cmd.bzh,samsung,Android OS,mobile,384x832,fr-FR,FR,,,/,,,,,,,/,,google.com,"Conciergerie Presqu'île de Crozon - CMD Breizh | Nettoyage, Jardinage, Gestion",,,,,,,\N,\N,\N,\N,\N,1,,,,2026-08-17 10:26:24,\N
8b01b6b5-5654-44d9-896b-6b4a52226756,90013284-c627-58f9-8b9a-d20e3738f5d8,f738f601-e82a-5e69-9fdc-77f1d2c524cf,544c8aef-ffd9-4e79-9236-b151eb3f81e9,www.cmd.bzh,samsung,Android OS,mobile,384x832,fr-FR,FR,,,/,tab=Contact,,,,,,/,tab=Contact,,"Conciergerie Presqu'île de Crozon - CMD Breizh | Nettoyage, Jardinage, Gestion",,,,,,,\N,\N,\N,\N,\N,1,,,,2026-08-17 10:26:33,\N
8b01b6b5-5654-44d9-896b-6b4a52226756,90013284-c627-58f9-8b9a-d20e3738f5d8,e8dd25fa-e4f8-50ca-bf54-e75bc5c1f82d,a4731604-a13e-4dd1-b981-caeab1080a58,www.cmd.bzh,samsung,Android OS,mobile,384x832,fr-FR,FR,,,/,,,,,,,/,,google.com,"Conciergerie Presqu'île de Crozon - CMD Breizh | Nettoyage, Jardinage, Gestion",,,,,,,\N,\N,\N,\N,\N,1,,,,2026-08-17 12:57:33,\N
8b01b6b5-5654-44d9-896b-6b4a52226756,08f77869-46bd-5517-bb7f-63b78a16352b,8571a07d-83c2-5c3c-b9b6-4126f744b002,c138b1e3-4c92-4542-a84f-c3850750038f,www.cmd.bzh,samsung,Android OS,mobile,360x740,fr-FR,FR,FR-IDF,Draveil,/,,,,,,,,,,"Conciergerie Presqu'île de Crozon - CMD Breizh | Nettoyage, Jardinage, Gestion",,,,,,,\N,\N,\N,\N,\N,1,,,,2026-08-18 10:09:14,\N
8b01b6b5-5654-44d9-896b-6b4a52226756,08f77869-46bd-5517-bb7f-63b78a16352b,8571a07d-83c2-5c3c-b9b6-4126f744b002,7897d152-7b17-485c-b013-9a1c52944b1c,www.cmd.bzh,samsung,Android OS,mobile,360x740,fr-FR,FR,FR-IDF,Draveil,/,tab=About,,,,,,/,tab=About,,"Conciergerie Presqu'île de Crozon - CMD Breizh | Nettoyage, Jardinage, Gestion",,,,,,,\N,\N,\N,\N,\N,1,,,,2026-08-18 10:09:43,\N
8b01b6b5-5654-44d9-896b-6b4a52226756,08f77869-46bd-5517-bb7f-63b78a16352b,8571a07d-83c2-5c3c-b9b6-4126f744b002,f4368afa-131b-41b7-9d3a-6148fc08581d,www.cmd.bzh,samsung,Android OS,mobile,360x740,fr-FR,FR,FR-IDF,Draveil,/,,,,,,,/,tab=About,,"Conciergerie Presqu'île de Crozon - CMD Breizh | Nettoyage, Jardinage, Gestion",,,,,,,\N,\N,\N,\N,\N,1,,,,2026-08-18 10:11:52,\N
8b01b6b5-5654-44d9-896b-6b4a52226756,054c7f59-bba6-5a71-8d14-264dd00993ae,bc719c19-2cd0-5d00-8301-220d3616aefc,63d994e2-647d-4909-8ed0-d92ae3563af2,www.cmd.bzh,ios-webview,iOS,mobile,390x844,fr-FR,FR,FR-BRE,Quimper,/,,,,,,,/,,google.com,"Conciergerie Presqu'île de Crozon - CMD Breizh | Nettoyage, Jardinage, Gestion",,,,,,,\N,\N,\N,\N,\N,1,,,,2026-08-18 20:54:03,\N
8b01b6b5-5654-44d9-896b-6b4a52226756,054c7f59-bba6-5a71-8d14-264dd00993ae,bc719c19-2cd0-5d00-8301-220d3616aefc,4ccc2969-f7c8-4a63-9ca3-03d940145a90,www.cmd.bzh,ios-webview,iOS,mobile,390x844,fr-FR,FR,FR-BRE,Quimper,/,tab=About,,,,,,/,tab=About,,"Conciergerie Presqu'île de Crozon - CMD Breizh | Nettoyage, Jardinage, Gestion",,,,,,,\N,\N,\N,\N,\N,1,,,,2026-08-18 20:54:14,\N
8b01b6b5-5654-44d9-896b-6b4a52226756,38c0534c-00da-58ad-bcb2-0fc48f80fbb4,5ae9eef2-a502-5fa8-ab6d-76980e508506,56c5abeb-efc8-496c-b8f2-14e9e06ee925,www.cmd.bzh,chrome,Windows 10,laptop,1280x720,en-US,US,US-CA,,/,,,,,,,,,,"Conciergerie Presqu'île de Crozon - CMD Breizh | Nettoyage, Jardinage, Gestion",,,,,,,\N,\N,\N,\N,\N,1,,,,2026-08-21 14:34:41,\N
8b01b6b5-5654-44d9-896b-6b4a52226756,da94590e-e219-5410-9efe-b3d84ea567bb,fe1ab79a-bd49-5255-adc9-c87a628dd001,2ce0d58c-23df-444a-bcbf-7b4bba376862,www.cmd.bzh,ios,iOS,mobile,390x844,fr-FR,FR,,,/,ved=2ahUKEwjr07G-rLKWAxVhfKQEHWgjDY8QgU96BAgjEAg,,,,,,/,,google.com,"Conciergerie Presqu'île de Crozon - CMD Breizh | Nettoyage, Jardinage, Gestion",,,,,,,\N,\N,\N,\N,\N,1,,,,2026-08-21 18:27:05,\N
8b01b6b5-5654-44d9-896b-6b4a52226756,da94590e-e219-5410-9efe-b3d84ea567bb,fe1ab79a-bd49-5255-adc9-c87a628dd001,f621f3e2-d8e1-489b-b0c8-00f69509a663,www.cmd.bzh,ios,iOS,mobile,390x844,fr-FR,FR,,,/,ved=2ahUKEwjr07G-rLKWAxVhfKQEHWgjDY8QgU96BAgjEAg&tab=Contact,,,,,,/,ved=2ahUKEwjr07G-rLKWAxVhfKQEHWgjDY8QgU96BAgjEAg&tab=Contact,,"Conciergerie Presqu'île de Crozon - CMD Breizh | Nettoyage, Jardinage, Gestion",,,,,,,\N,\N,\N,\N,\N,1,,,,2026-08-21 18:27:19,\N
8b01b6b5-5654-44d9-896b-6b4a52226756,da94590e-e219-5410-9efe-b3d84ea567bb,fe1ab79a-bd49-5255-adc9-c87a628dd001,e18b9760-0d24-4570-8926-ab3a5dd88f74,www.cmd.bzh,ios,iOS,mobile,390x844,fr-FR,FR,,,/,ved=2ahUKEwjr07G-rLKWAxVhfKQEHWgjDY8QgU96BAgjEAg,,,,,,/,ved=2ahUKEwjr07G-rLKWAxVhfKQEHWgjDY8QgU96BAgjEAg&tab=Contact,,"Conciergerie Presqu'île de Crozon - CMD Breizh | Nettoyage, Jardinage, Gestion",,,,,,,\N,\N,\N,\N,\N,1,,,,2026-08-21 18:28:32,\N
8b01b6b5-5654-44d9-896b-6b4a52226756,da94590e-e219-5410-9efe-b3d84ea567bb,fe1ab79a-bd49-5255-adc9-c87a628dd001,0ac3ec57-bbaa-4dab-9102-69b8decfd779,www.cmd.bzh,ios,iOS,mobile,390x844,fr-FR,FR,,,/,ved=2ahUKEwjr07G-rLKWAxVhfKQEHWgjDY8QgU96BAgjEAg&tab=About,,,,,,/,ved=2ahUKEwjr07G-rLKWAxVhfKQEHWgjDY8QgU96BAgjEAg&tab=About,,"Conciergerie Presqu'île de Crozon - CMD Breizh | Nettoyage, Jardinage, Gestion",,,,,,,\N,\N,\N,\N,\N,1,,,,2026-08-21 18:28:37,\N
8b01b6b5-5654-44d9-896b-6b4a52226756,da94590e-e219-5410-9efe-b3d84ea567bb,fe1ab79a-bd49-5255-adc9-c87a628dd001,52aa74cb-5913-40d2-aa52-743f264bfca4,www.cmd.bzh,ios,iOS,mobile,390x844,fr-FR,FR,,,/,ved=2ahUKEwjr07G-rLKWAxVhfKQEHWgjDY8QgU96BAgjEAg,,,,,,/,ved=2ahUKEwjr07G-rLKWAxVhfKQEHWgjDY8QgU96BAgjEAg&tab=About,,"Conciergerie Presqu'île de Crozon - CMD Breizh | Nettoyage, Jardinage, Gestion",,,,,,,\N,\N,\N,\N,\N,1,,,,2026-08-21 18:29:16,\N
8b01b6b5-5654-44d9-896b-6b4a52226756,4719a15c-89c3-5add-86d2-fc2efe02620c,fb229acd-822c-54eb-86d3-b09e2ed621ea,c8a83d0a-7665-4d99-9017-4451693b8e95,www.cmd.bzh,chrome,Mac OS,laptop,1366x900,fr-FR,FR,FR-IDF,Paris,/conditions-generales-de-vente,,,,,,,,,,"Conciergerie Presqu'île de Crozon - CMD Breizh | Nettoyage, Jardinage, Gestion",,,,,,,\N,\N,\N,\N,\N,1,,,,2026-08-26 12:06:18,\N
8b01b6b5-5654-44d9-896b-6b4a52226756,4719a15c-89c3-5add-86d2-fc2efe02620c,fb229acd-822c-54eb-86d3-b09e2ed621ea,827a123e-4098-47e2-938b-00c839899c2e,www.cmd.bzh,chrome,Mac OS,laptop,1366x900,fr-FR,FR,FR-IDF,Paris,/policies/legal-notice,,,,,,,,,,"Conciergerie Presqu'île de Crozon - CMD Breizh | Nettoyage, Jardinage, Gestion",,,,,,,\N,\N,\N,\N,\N,1,,,,2026-08-26 12:06:18,\N
8b01b6b5-5654-44d9-896b-6b4a52226756,4719a15c-89c3-5add-86d2-fc2efe02620c,fb229acd-822c-54eb-86d3-b09e2ed621ea,801965d1-d972-4caa-a503-f0b2f5e324a1,www.cmd.bzh,chrome,Mac OS,laptop,1366x900,fr-FR,FR,FR-IDF,Paris,/legal,,,,,,,,,,"Conciergerie Presqu'île de Crozon - CMD Breizh | Nettoyage, Jardinage, Gestion",,,,,,,\N,\N,\N,\N,\N,1,,,,2026-08-26 12:06:18,\N
8b01b6b5-5654-44d9-896b-6b4a52226756,4719a15c-89c3-5add-86d2-fc2efe02620c,fb229acd-822c-54eb-86d3-b09e2ed621ea,bce102ac-c655-41ff-bddd-c0eceb0cbffb,www.cmd.bzh,chrome,Mac OS,laptop,1366x900,fr-FR,FR,FR-IDF,Paris,/cgv,,,,,,,,,,"Conciergerie Presqu'île de Crozon - CMD Breizh | Nettoyage, Jardinage, Gestion",,,,,,,\N,\N,\N,\N,\N,1,,,,2026-08-26 12:06:18,\N
8b01b6b5-5654-44d9-896b-6b4a52226756,0483f24d-f60c-5afc-97eb-7bd961476809,05fbe7af-559a-50ca-829f-af194795e016,ecb48feb-672b-42ab-93b5-f8fb9db6b543,www.cmd.bzh,chrome,Linux,laptop,1536x960,en-US,FR,FR-IDF,Paris,/,,,,,,,,,,"Conciergerie Presqu'île de Crozon - CMD Breizh | Nettoyage, Jardinage, Gestion",,,,,,,\N,\N,\N,\N,\N,1,,,,2026-05-22 00:43:29,\N
8b01b6b5-5654-44d9-896b-6b4a52226756,0483f24d-f60c-5afc-97eb-7bd961476809,05fbe7af-559a-50ca-829f-af194795e016,bb2bb8b8-aaac-4254-8777-18b4b8427622,www.cmd.bzh,chrome,Linux,laptop,1536x960,en-US,FR,FR-IDF,Paris,/,tab=About,,,,,,/,tab=About,cmd.bzh,"Conciergerie Presqu'île de Crozon - CMD Breizh | Nettoyage, Jardinage, Gestion",,,,,,,\N,\N,\N,\N,\N,1,,,,2026-05-22 00:43:43,\N
8b01b6b5-5654-44d9-896b-6b4a52226756,0483f24d-f60c-5afc-97eb-7bd961476809,05fbe7af-559a-50ca-829f-af194795e016,e4bca26f-e770-4dab-a034-efe774018d19,www.cmd.bzh,chrome,Linux,laptop,1536x960,en-US,FR,FR-IDF,Paris,/,tab=Contact,,,,,,/,tab=Contact,cmd.bzh,"Conciergerie Presqu'île de Crozon - CMD Breizh | Nettoyage, Jardinage, Gestion",,,,,,,\N,\N,\N,\N,\N,1,,,,2026-05-22 00:44:01,\N
8b01b6b5-5654-44d9-896b-6b4a52226756,0483f24d-f60c-5afc-97eb-7bd961476809,05fbe7af-559a-50ca-829f-af194795e016,9432744b-046d-4f33-bfe7-0bcb3d90bffd,www.cmd.bzh,chrome,Linux,laptop,1536x960,en-US,FR,FR-IDF,Paris,/,tab=Reviews,,,,,,/,tab=Reviews,cmd.bzh,"Conciergerie Presqu'île de Crozon - CMD Breizh | Nettoyage, Jardinage, Gestion",,,,,,,\N,\N,\N,\N,\N,1,,,,2026-05-22 00:44:03,\N
8b01b6b5-5654-44d9-896b-6b4a52226756,0483f24d-f60c-5afc-97eb-7bd961476809,05fbe7af-559a-50ca-829f-af194795e016,70ac0bf9-65f1-4c14-89a8-ffd370f65e71,www.cmd.bzh,chrome,Linux,laptop,1536x960,en-US,FR,FR-IDF,Paris,/,tab=Home,,,,,,/,tab=Home,cmd.bzh,"Conciergerie Presqu'île de Crozon - CMD Breizh | Nettoyage, Jardinage, Gestion",,,,,,,\N,\N,\N,\N,\N,1,,,,2026-05-22 00:44:07,\N
8b01b6b5-5654-44d9-896b-6b4a52226756,8186c741-debb-537a-8ef7-2b3412886c12,bf6981ca-99c8-54c1-b116-d8a46630243c,739f8d47-1f64-4d20-a28f-d94351bc103d,www.cmd.bzh,chrome,Windows 10,laptop,800x600,en-US,FI,FI-18,Helsinki,/,,,,,,,,,,"Conciergerie Presqu'île de Crozon - CMD Breizh | Nettoyage, Jardinage, Gestion",,,,,,,\N,\N,\N,\N,\N,1,,,,2026-05-23 15:08:04,\N
8b01b6b5-5654-44d9-896b-6b4a52226756,0dfb57a1-167f-55a0-9307-906101fd082e,99a39192-92ff-504a-8bac-b644542c53c9,57c5f371-46cc-45bc-8967-be86bade8f5e,www.cmd.bzh,chrome,Android OS,mobile,384x832,fr-FR,FR,FR-BRE,Rennes,/,,,,,,,/,,google.com,"Conciergerie Presqu'île de Crozon - CMD Breizh | Nettoyage, Jardinage, Gestion",,,,,,,\N,\N,\N,\N,\N,1,,,,2026-05-23 18:23:05,\N
8b01b6b5-5654-44d9-896b-6b4a52226756,a355bcb7-f117-542f-9d77-bb48b8b7a914,53dc7271-c587-5d41-9cc1-51e615fbc24e,33419ff2-2886-48b0-80d7-ef1c3b523a18,www.cmd.bzh,chrome,Android OS,mobile,384x832,fr-FR,FR,FR-NOR,Rouen,/,,,,,,,/,,google.com,"Conciergerie Presqu'île de Crozon - CMD Breizh | Nettoyage, Jardinage, Gestion",,,,,,,\N,\N,\N,\N,\N,1,,,,2026-05-23 22:34:35,\N
8b01b6b5-5654-44d9-896b-6b4a52226756,a355bcb7-f117-542f-9d77-bb48b8b7a914,53dc7271-c587-5d41-9cc1-51e615fbc24e,db3f3a19-ae82-421a-88bd-386074b524fa,www.cmd.bzh,chrome,Android OS,mobile,384x832,fr-FR,FR,FR-NOR,Rouen,/,tab=About,,,,,,/,tab=About,cmd.bzh,"Conciergerie Presqu'île de Crozon - CMD Breizh | Nettoyage, Jardinage, Gestion",,,,,,,\N,\N,\N,\N,\N,1,,,,2026-05-23 22:35:02,\N
8b01b6b5-5654-44d9-896b-6b4a52226756,a355bcb7-f117-542f-9d77-bb48b8b7a914,53dc7271-c587-5d41-9cc1-51e615fbc24e,f9177bae-71a8-4cc4-aaee-e0bfbd74e823,www.cmd.bzh,chrome,Android OS,mobile,384x832,fr-FR,FR,FR-NOR,Rouen,/,,,,,,,/,tab=About,cmd.bzh,"Conciergerie Presqu'île de Crozon - CMD Breizh | Nettoyage, Jardinage, Gestion",,,,,,,\N,\N,\N,\N,\N,1,,,,2026-05-23 22:36:48,\N
8b01b6b5-5654-44d9-896b-6b4a52226756,86545475-158b-51c6-a161-e4e3b4e6391d,b80a91df-cb7d-5b3c-8736-8798e2ee9415,502bcbd4-93e1-4b03-9508-8c4e36bdb14b,www.cmd.bzh,chrome,Linux,laptop,1440x900,en-US,DE,DE-SN,Falkenstein,/,,,,,,,,,,"Conciergerie Presqu'île de Crozon - CMD Breizh | Nettoyage, Jardinage, Gestion",,,,,,,\N,\N,\N,\N,\N,1,,,,2026-05-24 08:49:30,\N
8b01b6b5-5654-44d9-896b-6b4a52226756,ffd7b200-3c1d-5cf1-af42-7e71657724eb,0ac30a8f-c521-5445-a913-6cc57a819335,78a5dc11-05b4-4099-bf65-b02d6b5a9404,www.cmd.bzh,crios,iOS,mobile,390x844,fr-FR,FR,,,/,,,,,,,,,,"Conciergerie Presqu'île de Crozon - CMD Breizh | Nettoyage, Jardinage, Gestion",,,,,,,\N,\N,\N,\N,\N,1,,,,2026-05-25 01:25:45,\N
8b01b6b5-5654-44d9-896b-6b4a52226756,ffd7b200-3c1d-5cf1-af42-7e71657724eb,0ac30a8f-c521-5445-a913-6cc57a819335,00b9a5c9-3efa-48c7-9189-875b2a3dc30d,www.cmd.bzh,crios,iOS,mobile,390x844,fr-FR,FR,,,/,tab=About,,,,,,/,tab=About,cmd.bzh,"Conciergerie Presqu'île de Crozon - CMD Breizh | Nettoyage, Jardinage, Gestion",,,,,,,\N,\N,\N,\N,\N,1,,,,2026-05-25 01:26:03,\N
8b01b6b5-5654-44d9-896b-6b4a52226756,b5cc8d4f-cb3c-52cc-befa-31b5ba0a9c2c,f4d21fe5-f33d-56ad-9dfb-547488df752a,26071c45-177d-4d7b-858e-be55203ddedf,www.cmd.bzh,chrome,Chrome OS,laptop,1536x960,fr-FR,FR,FR-IDF,Paris,/,,,,,,,/,,google.com,"Conciergerie Presqu'île de Crozon - CMD Breizh | Nettoyage, Jardinage, Gestion",,,,,,,\N,\N,\N,\N,\N,1,,,,2026-05-27 08:27:43,\N
8b01b6b5-5654-44d9-896b-6b4a52226756,b5cc8d4f-cb3c-52cc-befa-31b5ba0a9c2c,f4d21fe5-f33d-56ad-9dfb-547488df752a,bd42ea32-0160-43b7-8a04-ffc640020910,www.cmd.bzh,chrome,Chrome OS,laptop,1536x960,fr-FR,FR,FR-IDF,Paris,/,tab=About,,,,,,/,tab=About,cmd.bzh,"Conciergerie Presqu'île de Crozon - CMD Breizh | Nettoyage, Jardinage, Gestion",,,,,,,\N,\N,\N,\N,\N,1,,,,2026-05-27 08:27:52,\N
8b01b6b5-5654-44d9-896b-6b4a52226756,50799327-16e3-5a88-bc37-62f9cc715206,4cf58d2e-acfd-5572-9820-7fe8400457e8,c0f57e21-1784-4c60-80ed-41ba19badf79,www.cmd.bzh,chrome,Chrome OS,laptop,1920x1080,fr-FR,FR,FR-BRE,Rennes,/,,,,,,,,,,"Conciergerie Presqu'île de Crozon - CMD Breizh | Nettoyage, Jardinage, Gestion",,,,,,,\N,\N,\N,\N,\N,1,,,,2026-05-27 08:46:47,\N
8b01b6b5-5654-44d9-896b-6b4a52226756,50799327-16e3-5a88-bc37-62f9cc715206,4cf58d2e-acfd-5572-9820-7fe8400457e8,b12ab70e-6241-417b-be1d-6799a76930f0,www.cmd.bzh,chrome,Chrome OS,laptop,1920x1080,fr-FR,FR,FR-BRE,Rennes,/,tab=About,,,,,,/,tab=About,cmd.bzh,"Conciergerie Presqu'île de Crozon - CMD Breizh | Nettoyage, Jardinage, Gestion",,,,,,,\N,\N,\N,\N,\N,1,,,,2026-05-27 08:46:49,\N
8b01b6b5-5654-44d9-896b-6b4a52226756,84e828f6-91df-5ea1-ade8-8f01dd0ff347,3366e6a6-677b-5b82-9ab4-f1b94e57d49b,fa6588a4-4592-4da8-9300-deb8eadda84c,www.cmd.bzh,ios,iOS,mobile,428x926,fr-FR,FR,FR-IDF,Paris,/,,,,,,,/,,google.com,"Conciergerie Presqu'île de Crozon - CMD Breizh | Nettoyage, Jardinage, Gestion",,,,,,,\N,\N,\N,\N,\N,1,,,,2026-05-28 08:42:05,\N
8b01b6b5-5654-44d9-896b-6b4a52226756,c35d08a6-f795-5cfb-a21f-481e73b6e201,fb651ba1-0068-5202-b9c8-00493d97cd98,0d901ee3-9ffd-4105-9c0c-57eeee36363a,www.cmd.bzh,ios,iOS,mobile,428x926,fr-FR,FR,FR-IDF,Rungis,/,,,,,,,,,,"Conciergerie Presqu'île de Crozon - CMD Breizh | Nettoyage, Jardinage, Gestion",,,,,,,\N,\N,\N,\N,\N,1,,,,2026-05-28 11:01:27,\N
8b01b6b5-5654-44d9-896b-6b4a52226756,c35d08a6-f795-5cfb-a21f-481e73b6e201,fb651ba1-0068-5202-b9c8-00493d97cd98,efd6dc69-3473-433a-a5cc-e6b07cfeb061,www.cmd.bzh,ios,iOS,mobile,428x926,fr-FR,FR,FR-IDF,Rungis,/,,,,,,,/,,google.com,"Conciergerie Presqu'île de Crozon - CMD Breizh | Nettoyage, Jardinage, Gestion",,,,,,,\N,\N,\N,\N,\N,1,,,,2026-05-28 11:01:35,\N
8b01b6b5-5654-44d9-896b-6b4a52226756,c35d08a6-f795-5cfb-a21f-481e73b6e201,fb651ba1-0068-5202-b9c8-00493d97cd98,7361e15e-1623-441e-b291-01adaa3ab354,www.cmd.bzh,ios,iOS,mobile,428x926,fr-FR,FR,FR-IDF,Rungis,/,tab=Contact,,,,,,/,tab=Contact,cmd.bzh,"Conciergerie Presqu'île de Crozon - CMD Breizh | Nettoyage, Jardinage, Gestion",,,,,,,\N,\N,\N,\N,\N,1,,,,2026-05-28 11:01:39,\N
8b01b6b5-5654-44d9-896b-6b4a52226756,7c1bcfe1-e733-5e6d-9e5d-f09d04934fc3,17659cdd-dd22-5a21-821b-52b48cf967a8,960df2ae-e6f4-4fa1-a8ea-c9508efffbba,www.cmd.bzh,ios,iOS,mobile,375x667,en-US,FR,FR-BRE,Brest,/,,,,,,,,,,"Conciergerie Presqu'île de Crozon - CMD Breizh | Nettoyage, Jardinage, Gestion",,,,,,,\N,\N,\N,\N,\N,1,,,,2026-05-28 14:50:41,\N
8b01b6b5-5654-44d9-896b-6b4a52226756,2b4ca9c3-9c13-5f9c-abc2-6374ccc1ad96,01c260bf-0b2f-5731-8a5c-2fbca8b29100,738f9803-7f10-4f1b-8db0-f439a253f3c6,www.cmd.bzh,ios,iOS,mobile,428x926,fr-FR,FR,FR-BRE,Quimper,/,tab=Contact,,,,,,/,,google.com,"Conciergerie Presqu'île de Crozon - CMD Breizh | Nettoyage, Jardinage, Gestion",,,,,,,\N,\N,\N,\N,\N,1,,,,2026-05-28 19:56:08,\N
8b01b6b5-5654-44d9-896b-6b4a52226756,3e4f8292-02fc-5901-b60e-fd75d618ada5,2649a81e-40f2-595d-a36b-7a62922fe9c3,fed456a7-24fb-4d86-b121-6da0ff8e9c2e,www.cmd.bzh,chrome,Windows 10,laptop,1280x720,fr-FR,FR,FR-BRE,Rennes,/,,,,,,,/,,google.com,"Conciergerie Presqu'île de Crozon - CMD Breizh | Nettoyage, Jardinage, Gestion",,,,,,,\N,\N,\N,\N,\N,1,,,,2026-08-28 13:00:21,\N
8b01b6b5-5654-44d9-896b-6b4a52226756,65ea30cc-6632-5d19-8f71-9e5149e00705,dc55c168-f3d6-5ea9-b932-fd3faf6eefc7,34723568-0f1d-469e-abc8-c5f498fc1552,www.cmd.bzh,firefox,Windows 10,laptop,1536x864,fr,FR,FR-BRE,Châteaulin,/,,,,,,,/,,google.com,"Conciergerie Presqu'île de Crozon - CMD Breizh | Nettoyage, Jardinage, Gestion",,,,,,,\N,\N,\N,\N,\N,1,,,,2026-08-28 17:06:02,\N
8b01b6b5-5654-44d9-896b-6b4a52226756,7e5b895e-b668-51a0-9eca-c2915e542803,8e9d5c98-c052-51b4-955c-659f9e7f05fc,e11279bd-cb0d-4e35-99d3-3dc8f9eb6486,www.cmd.bzh,chrome,Android OS,mobile,384x832,fr-FR,FR,,,/,,,,,,,/,,google.com,"Conciergerie Presqu'île de Crozon - CMD Breizh | Nettoyage, Jardinage, Gestion",,,,,,,\N,\N,\N,\N,\N,1,,,,2026-08-29 19:46:22,\N
8b01b6b5-5654-44d9-896b-6b4a52226756,7e5b895e-b668-51a0-9eca-c2915e542803,8e9d5c98-c052-51b4-955c-659f9e7f05fc,f538b26e-c7d8-4a9c-a71b-e33b98cb9bff,www.cmd.bzh,chrome,Android OS,mobile,384x832,fr-FR,FR,,,/,tab=About,,,,,,/,tab=About,,"Conciergerie Presqu'île de Crozon - CMD Breizh | Nettoyage, Jardinage, Gestion",,,,,,,\N,\N,\N,\N,\N,1,,,,2026-08-29 19:46:34,\N
8b01b6b5-5654-44d9-896b-6b4a52226756,7e5b895e-b668-51a0-9eca-c2915e542803,8e9d5c98-c052-51b4-955c-659f9e7f05fc,1f360b2b-6dc5-4d31-b714-abcf6f6591c5,www.cmd.bzh,chrome,Android OS,mobile,384x832,fr-FR,FR,,,/,tab=Home,,,,,,/,tab=Home,,"Conciergerie Presqu'île de Crozon - CMD Breizh | Nettoyage, Jardinage, Gestion",,,,,,,\N,\N,\N,\N,\N,1,,,,2026-08-29 19:46:49,\N
8b01b6b5-5654-44d9-896b-6b4a52226756,7e5b895e-b668-51a0-9eca-c2915e542803,8e9d5c98-c052-51b4-955c-659f9e7f05fc,a4fc1062-b543-4973-a98a-e665287d7c8a,www.cmd.bzh,chrome,Android OS,mobile,384x832,fr-FR,FR,,,/,tab=About,,,,,,/,tab=Home,,"Conciergerie Presqu'île de Crozon - CMD Breizh | Nettoyage, Jardinage, Gestion",,,,,,,\N,\N,\N,\N,\N,1,,,,2026-08-29 19:47:07,\N
8b01b6b5-5654-44d9-896b-6b4a52226756,7e5b895e-b668-51a0-9eca-c2915e542803,8e9d5c98-c052-51b4-955c-659f9e7f05fc,98e2c685-68a2-4b0f-bea4-5643f7d9d55d,www.cmd.bzh,chrome,Android OS,mobile,384x832,fr-FR,FR,,,/,,,,,,,/,tab=About,,"Conciergerie Presqu'île de Crozon - CMD Breizh | Nettoyage, Jardinage, Gestion",,,,,,,\N,\N,\N,\N,\N,1,,,,2026-08-29 19:47:08,\N
8b01b6b5-5654-44d9-896b-6b4a52226756,01061cef-0db7-5e7d-b6d0-7db9b42e774b,ce76eadf-6d7f-57a2-9d30-41e93a42f98f,2abdf3f2-3d25-400d-ae10-bbb3f05d9276,www.cmd.bzh,chrome,Linux,laptop,1920x1080,en-US,US,,,/,,,,,,,,,,"Conciergerie Presqu'île de Crozon - CMD Breizh | Nettoyage, Jardinage, Gestion",,,,,,,\N,\N,\N,\N,\N,1,,,,2026-09-04 21:48:41,\N
8b01b6b5-5654-44d9-896b-6b4a52226756,c35d08a6-f795-5cfb-a21f-481e73b6e201,a07a41f0-044f-5e16-b301-355d70117f81,f27761d8-97ac-4f8d-b439-b79022ef8474,www.cmd.bzh,ios,iOS,mobile,428x926,fr-FR,FR,FR-IDF,Rungis,/,,,,,,,,,,"Conciergerie Presqu'île de Crozon - CMD Breizh | Nettoyage, Jardinage, Gestion",,,,,,,\N,\N,\N,\N,\N,1,,,,2026-05-29 13:10:29,\N
8b01b6b5-5654-44d9-896b-6b4a52226756,c35d08a6-f795-5cfb-a21f-481e73b6e201,a07a41f0-044f-5e16-b301-355d70117f81,4e0eb120-b573-47d1-91a2-fbe92f99943e,www.cmd.bzh,ios,iOS,mobile,428x926,fr-FR,FR,FR-IDF,Rungis,/,,,,,,,,,,"Conciergerie Presqu'île de Crozon - CMD Breizh | Nettoyage, Jardinage, Gestion",,,,,,,\N,\N,\N,\N,\N,1,,,,2026-05-29 13:10:33,\N
8b01b6b5-5654-44d9-896b-6b4a52226756,b1212031-c675-5257-8df4-cefb4451a11e,ab0eab3a-5862-5584-bfef-0b07ee18a2d8,a3b8030a-02b3-4e91-bd13-40bb525a73bf,localhost,chrome,Linux,laptop,1536x960,en-US,FR,,,/,,,,,,,,,,"Conciergerie Presqu'île de Crozon - CMD Breizh | Nettoyage, Jardinage, Gestion",,,,,,,\N,\N,\N,\N,\N,1,,,,2026-09-05 16:29:15,\N
8b01b6b5-5654-44d9-896b-6b4a52226756,b1212031-c675-5257-8df4-cefb4451a11e,ab0eab3a-5862-5584-bfef-0b07ee18a2d8,b8afef84-c7a9-4485-99f2-abba391f5d73,localhost,chrome,Linux,laptop,1536x960,en-US,FR,,,/,tab=About,,,,,,/,tab=About,,"Conciergerie Presqu'île de Crozon - CMD Breizh | Nettoyage, Jardinage, Gestion",,,,,,,\N,\N,\N,\N,\N,1,,,,2026-09-05 16:29:38,\N
8b01b6b5-5654-44d9-896b-6b4a52226756,b1212031-c675-5257-8df4-cefb4451a11e,ab0eab3a-5862-5584-bfef-0b07ee18a2d8,e43b6679-b8d5-4e56-abbd-f272c0105459,localhost,chrome,Linux,laptop,1536x960,en-US,FR,,,/,tab=Contact,,,,,,/,tab=Contact,,"Conciergerie Presqu'île de Crozon - CMD Breizh | Nettoyage, Jardinage, Gestion",,,,,,,\N,\N,\N,\N,\N,1,,,,2026-09-05 16:29:49,\N
8b01b6b5-5654-44d9-896b-6b4a52226756,b1212031-c675-5257-8df4-cefb4451a11e,ab0eab3a-5862-5584-bfef-0b07ee18a2d8,d34717e2-f04c-42a2-b666-00b0e06b6178,localhost,chrome,Linux,laptop,1536x960,en-US,FR,,,/,tab=Reviews,,,,,,/,tab=Reviews,,"Conciergerie Presqu'île de Crozon - CMD Breizh | Nettoyage, Jardinage, Gestion",,,,,,,\N,\N,\N,\N,\N,1,,,,2026-09-05 16:29:51,\N
8b01b6b5-5654-44d9-896b-6b4a52226756,b1212031-c675-5257-8df4-cefb4451a11e,ab0eab3a-5862-5584-bfef-0b07ee18a2d8,1c7e3ee2-895c-43d3-9022-905f8f7ce2dd,localhost,chrome,Linux,laptop,1536x960,en-US,FR,,,/,,,,,,,/,,,"Conciergerie Presqu'île de Crozon - CMD Breizh | Nettoyage, Jardinage, Gestion",,,,,,,\N,\N,\N,\N,\N,1,,,,2026-09-05 16:38:43,\N
8b01b6b5-5654-44d9-896b-6b4a52226756,b1212031-c675-5257-8df4-cefb4451a11e,ab0eab3a-5862-5584-bfef-0b07ee18a2d8,3459d0dd-1de0-4dd2-b9a7-c05398361c83,localhost,chrome,Linux,laptop,1536x960,en-US,FR,,,/,,,,,,,/,,,"Conciergerie Presqu'île de Crozon - CMD Breizh | Nettoyage, Jardinage, Gestion",,,,,,,\N,\N,\N,\N,\N,1,,,,2026-09-05 16:39:03,\N
8b01b6b5-5654-44d9-896b-6b4a52226756,b1212031-c675-5257-8df4-cefb4451a11e,ab0eab3a-5862-5584-bfef-0b07ee18a2d8,cce95701-32ba-49dd-9096-4d5e66a6a1ec,localhost,chrome,Linux,laptop,1536x960,en-US,FR,,,/,,,,,,,/,,,"Conciergerie Presqu'île de Crozon - CMD Breizh | Nettoyage, Jardinage, Gestion",,,,,,,\N,\N,\N,\N,\N,1,,,,2026-09-05 16:39:20,\N
8b01b6b5-5654-44d9-896b-6b4a52226756,b1212031-c675-5257-8df4-cefb4451a11e,ab0eab3a-5862-5584-bfef-0b07ee18a2d8,52cde8d4-7099-473a-9237-040b54c1ce88,localhost,chrome,Linux,laptop,1536x960,en-US,FR,,,/,,,,,,,/,,,"Conciergerie Presqu'île de Crozon - CMD Breizh | Nettoyage, Jardinage, Gestion",,,,,,,\N,\N,\N,\N,\N,1,,,,2026-09-05 16:39:23,\N
8b01b6b5-5654-44d9-896b-6b4a52226756,b1212031-c675-5257-8df4-cefb4451a11e,ab0eab3a-5862-5584-bfef-0b07ee18a2d8,fb586eca-1621-4803-a402-88e8d58492e0,localhost,chrome,Linux,laptop,1536x960,en-US,FR,,,/,,,,,,,/,,,"Conciergerie Presqu'île de Crozon - CMD Breizh | Nettoyage, Jardinage, Gestion",,,,,,,\N,\N,\N,\N,\N,1,,,,2026-09-05 16:39:25,\N
8b01b6b5-5654-44d9-896b-6b4a52226756,b1212031-c675-5257-8df4-cefb4451a11e,ab0eab3a-5862-5584-bfef-0b07ee18a2d8,26b57949-643a-4e16-9947-c52649dd11e4,localhost,chrome,Linux,laptop,1536x960,en-US,FR,,,/,,,,,,,/,,,"Conciergerie Presqu'île de Crozon - CMD Breizh | Nettoyage, Jardinage, Gestion",,,,,,,\N,\N,\N,\N,\N,1,,,,2026-09-05 16:39:32,\N
8b01b6b5-5654-44d9-896b-6b4a52226756,b1212031-c675-5257-8df4-cefb4451a11e,ab0eab3a-5862-5584-bfef-0b07ee18a2d8,bbb79fdb-a761-4c89-9931-6ff8f8a0b56b,localhost,chrome,Linux,laptop,1536x960,en-US,FR,,,/,,,,,,,/,,,"Conciergerie Presqu'île de Crozon - CMD Breizh | Nettoyage, Jardinage, Gestion",,,,,,,\N,\N,\N,\N,\N,1,,,,2026-09-05 16:39:37,\N
8b01b6b5-5654-44d9-896b-6b4a52226756,b1212031-c675-5257-8df4-cefb4451a11e,ab0eab3a-5862-5584-bfef-0b07ee18a2d8,59db4bfa-76ea-4b17-8f4c-d58c1a6d6b99,localhost,chrome,Linux,laptop,1536x960,en-US,FR,,,/,,,,,,,/,,,"Conciergerie Presqu'île de Crozon - CMD Breizh | Nettoyage, Jardinage, Gestion",,,,,,,\N,\N,\N,\N,\N,1,,,,2026-09-05 16:39:40,\N
8b01b6b5-5654-44d9-896b-6b4a52226756,b1212031-c675-5257-8df4-cefb4451a11e,ab0eab3a-5862-5584-bfef-0b07ee18a2d8,65cde61c-b483-42b6-969f-4258e69417bd,localhost,chrome,Linux,laptop,1536x960,en-US,FR,,,/,,,,,,,/,,,"Conciergerie Presqu'île de Crozon - CMD Breizh | Nettoyage, Jardinage, Gestion",,,,,,,\N,\N,\N,\N,\N,1,,,,2026-09-05 16:39:43,\N
8b01b6b5-5654-44d9-896b-6b4a52226756,b1212031-c675-5257-8df4-cefb4451a11e,ab0eab3a-5862-5584-bfef-0b07ee18a2d8,fb8828dd-0923-4bfc-884a-150d94d8e26f,localhost,chrome,Linux,laptop,1536x960,en-US,FR,,,/,,,,,,,/,,,"Conciergerie Presqu'île de Crozon - CMD Breizh | Nettoyage, Jardinage, Gestion",,,,,,,\N,\N,\N,\N,\N,1,,,,2026-09-05 16:39:46,\N
8b01b6b5-5654-44d9-896b-6b4a52226756,b1212031-c675-5257-8df4-cefb4451a11e,ab0eab3a-5862-5584-bfef-0b07ee18a2d8,e8d2be3a-f53d-4ebd-8e79-3215c1d7c855,localhost,chrome,Linux,laptop,1536x960,en-US,FR,,,/,,,,,,,/,,,"Conciergerie Presqu'île de Crozon - CMD Breizh | Nettoyage, Jardinage, Gestion",,,,,,,\N,\N,\N,\N,\N,1,,,,2026-09-05 16:39:52,\N
8b01b6b5-5654-44d9-896b-6b4a52226756,b1212031-c675-5257-8df4-cefb4451a11e,ab0eab3a-5862-5584-bfef-0b07ee18a2d8,3b6037ab-1bb0-4a5b-9c43-282b8bb66757,localhost,chrome,Linux,laptop,1536x960,en-US,FR,,,/,,,,,,,/,,,"Conciergerie Presqu'île de Crozon - CMD Breizh | Nettoyage, Jardinage, Gestion",,,,,,,\N,\N,\N,\N,\N,1,,,,2026-09-05 16:39:55,\N
8b01b6b5-5654-44d9-896b-6b4a52226756,b1212031-c675-5257-8df4-cefb4451a11e,ab0eab3a-5862-5584-bfef-0b07ee18a2d8,49f95bc4-9170-4fe6-88b2-8ca7a37f9d71,localhost,chrome,Linux,laptop,1536x960,en-US,FR,,,/,,,,,,,/,,,"Conciergerie Presqu'île de Crozon - CMD Breizh | Nettoyage, Jardinage, Gestion",,,,,,,\N,\N,\N,\N,\N,1,,,,2026-09-05 16:39:58,\N
8b01b6b5-5654-44d9-896b-6b4a52226756,b1212031-c675-5257-8df4-cefb4451a11e,ab0eab3a-5862-5584-bfef-0b07ee18a2d8,697a31c2-a3a6-441f-a32f-b646f5d675fb,localhost,chrome,Linux,laptop,1536x960,en-US,FR,,,/,,,,,,,/,,,"Conciergerie Presqu'île de Crozon - CMD Breizh | Nettoyage, Jardinage, Gestion",,,,,,,\N,\N,\N,\N,\N,1,,,,2026-09-05 16:40:00,\N
8b01b6b5-5654-44d9-896b-6b4a52226756,b1212031-c675-5257-8df4-cefb4451a11e,ab0eab3a-5862-5584-bfef-0b07ee18a2d8,89e9cd48-b468-4563-a118-bb8ec8736af1,localhost,chrome,Linux,laptop,1536x960,en-US,FR,,,/,,,,,,,/,,,"Conciergerie Presqu'île de Crozon - CMD Breizh | Nettoyage, Jardinage, Gestion",,,,,,,\N,\N,\N,\N,\N,1,,,,2026-09-05 16:40:03,\N
8b01b6b5-5654-44d9-896b-6b4a52226756,b1212031-c675-5257-8df4-cefb4451a11e,ab0eab3a-5862-5584-bfef-0b07ee18a2d8,460c59f5-3ffb-4c0a-9326-3ef812e012d4,localhost,chrome,Linux,laptop,1536x960,en-US,FR,,,/,,,,,,,/,,,"Conciergerie Presqu'île de Crozon - CMD Breizh | Nettoyage, Jardinage, Gestion",,,,,,,\N,\N,\N,\N,\N,1,,,,2026-09-05 16:40:08,\N
8b01b6b5-5654-44d9-896b-6b4a52226756,b1212031-c675-5257-8df4-cefb4451a11e,ab0eab3a-5862-5584-bfef-0b07ee18a2d8,bdc2fddd-41e1-479f-867e-d69b290115fd,localhost,chrome,Linux,laptop,1536x960,en-US,FR,,,/,,,,,,,/,,,"Conciergerie Presqu'île de Crozon - CMD Breizh | Nettoyage, Jardinage, Gestion",,,,,,,\N,\N,\N,\N,\N,1,,,,2026-09-05 16:40:13,\N
8b01b6b5-5654-44d9-896b-6b4a52226756,b1212031-c675-5257-8df4-cefb4451a11e,ab0eab3a-5862-5584-bfef-0b07ee18a2d8,b479bae2-e57f-4b49-a881-e4e0da9bbd97,localhost,chrome,Linux,laptop,1536x960,en-US,FR,,,/,,,,,,,/,,,"Conciergerie Presqu'île de Crozon - CMD Breizh | Nettoyage, Jardinage, Gestion",,,,,,,\N,\N,\N,\N,\N,1,,,,2026-09-05 16:40:16,\N
8b01b6b5-5654-44d9-896b-6b4a52226756,b1212031-c675-5257-8df4-cefb4451a11e,ab0eab3a-5862-5584-bfef-0b07ee18a2d8,b799f6be-823e-4599-9e2d-2e86ecc53482,localhost,chrome,Linux,laptop,1536x960,en-US,FR,,,/,,,,,,,/,,,"Conciergerie Presqu'île de Crozon - CMD Breizh | Nettoyage, Jardinage, Gestion",,,,,,,\N,\N,\N,\N,\N,1,,,,2026-09-05 16:40:32,\N
8b01b6b5-5654-44d9-896b-6b4a52226756,b1212031-c675-5257-8df4-cefb4451a11e,ab0eab3a-5862-5584-bfef-0b07ee18a2d8,163d9fc4-fe61-4630-9cb0-72c9aca8245e,localhost,chrome,Linux,laptop,1536x960,en-US,FR,,,/,,,,,,,/,,,"Conciergerie Presqu'île de Crozon - CMD Breizh | Nettoyage, Jardinage, Gestion",,,,,,,\N,\N,\N,\N,\N,1,,,,2026-09-05 16:40:35,\N
8b01b6b5-5654-44d9-896b-6b4a52226756,b1212031-c675-5257-8df4-cefb4451a11e,ab0eab3a-5862-5584-bfef-0b07ee18a2d8,91b2fad3-c921-43c9-8e52-953ae2b805d0,localhost,chrome,Linux,laptop,1536x960,en-US,FR,,,/,,,,,,,/,,,"Conciergerie Presqu'île de Crozon - CMD Breizh | Nettoyage, Jardinage, Gestion",,,,,,,\N,\N,\N,\N,\N,1,,,,2026-09-05 16:40:45,\N
8b01b6b5-5654-44d9-896b-6b4a52226756,b1212031-c675-5257-8df4-cefb4451a11e,ab0eab3a-5862-5584-bfef-0b07ee18a2d8,8446a40b-fc2e-4107-9809-6eaa3d490f50,localhost,chrome,Linux,laptop,1536x960,en-US,FR,,,/,,,,,,,/,,,"Conciergerie Presqu'île de Crozon - CMD Breizh | Nettoyage, Jardinage, Gestion",,,,,,,\N,\N,\N,\N,\N,1,,,,2026-09-05 16:40:47,\N
8b01b6b5-5654-44d9-896b-6b4a52226756,b1212031-c675-5257-8df4-cefb4451a11e,ab0eab3a-5862-5584-bfef-0b07ee18a2d8,08809897-7284-4baf-ab7a-a0eeb3ffe6f1,localhost,chrome,Linux,laptop,1536x960,en-US,FR,,,/,,,,,,,/,,,"Conciergerie Presqu'île de Crozon - CMD Breizh | Nettoyage, Jardinage, Gestion",,,,,,,\N,\N,\N,\N,\N,1,,,,2026-09-05 16:40:50,\N
8b01b6b5-5654-44d9-896b-6b4a52226756,b1212031-c675-5257-8df4-cefb4451a11e,ab0eab3a-5862-5584-bfef-0b07ee18a2d8,c4cfd44c-2cc9-45c3-8b19-5ec8768f09e6,localhost,chrome,Linux,laptop,1536x960,en-US,FR,,,/,,,,,,,/,,,"Conciergerie Presqu'île de Crozon - CMD Breizh | Nettoyage, Jardinage, Gestion",,,,,,,\N,\N,\N,\N,\N,1,,,,2026-09-05 16:40:56,\N
8b01b6b5-5654-44d9-896b-6b4a52226756,b1212031-c675-5257-8df4-cefb4451a11e,ab0eab3a-5862-5584-bfef-0b07ee18a2d8,ac00bd3c-c18e-43e9-b063-40e37a5ce701,localhost,chrome,Linux,laptop,1536x960,en-US,FR,,,/,,,,,,,/,,,"Conciergerie Presqu'île de Crozon - CMD Breizh | Nettoyage, Jardinage, Gestion",,,,,,,\N,\N,\N,\N,\N,1,,,,2026-09-05 16:41:01,\N
8b01b6b5-5654-44d9-896b-6b4a52226756,b1212031-c675-5257-8df4-cefb4451a11e,ab0eab3a-5862-5584-bfef-0b07ee18a2d8,e96f1845-1ee7-4476-a9b2-efca59f1ab9b,localhost,chrome,Linux,laptop,1536x960,en-US,FR,,,/,,,,,,,/,,,"Conciergerie Presqu'île de Crozon - CMD Breizh | Nettoyage, Jardinage, Gestion",,,,,,,\N,\N,\N,\N,\N,1,,,,2026-09-05 16:41:27,\N
8b01b6b5-5654-44d9-896b-6b4a52226756,b1212031-c675-5257-8df4-cefb4451a11e,ab0eab3a-5862-5584-bfef-0b07ee18a2d8,9d3c4ac1-b8f3-479e-b6f9-233df6c1f62a,localhost,chrome,Linux,laptop,1536x960,en-US,FR,,,/,,,,,,,/,,,"Conciergerie Presqu'île de Crozon - CMD Breizh | Nettoyage, Jardinage, Gestion",,,,,,,\N,\N,\N,\N,\N,1,,,,2026-09-05 16:41:31,\N
8b01b6b5-5654-44d9-896b-6b4a52226756,b1212031-c675-5257-8df4-cefb4451a11e,ab0eab3a-5862-5584-bfef-0b07ee18a2d8,0c3805d2-3ffe-4b5a-a9e8-952f9613c51b,localhost,chrome,Linux,laptop,1536x960,en-US,FR,,,/,,,,,,,/,,,"Conciergerie Presqu'île de Crozon - CMD Breizh | Nettoyage, Jardinage, Gestion",,,,,,,\N,\N,\N,\N,\N,1,,,,2026-09-05 16:41:36,\N
8b01b6b5-5654-44d9-896b-6b4a52226756,b1212031-c675-5257-8df4-cefb4451a11e,ab0eab3a-5862-5584-bfef-0b07ee18a2d8,641ba8d8-0cb2-4218-99c4-a80edf66aa74,localhost,chrome,Linux,laptop,1536x960,en-US,FR,,,/,,,,,,,/,,,"Conciergerie Presqu'île de Crozon - CMD Breizh | Nettoyage, Jardinage, Gestion",,,,,,,\N,\N,\N,\N,\N,1,,,,2026-09-05 16:41:47,\N
8b01b6b5-5654-44d9-896b-6b4a52226756,b1212031-c675-5257-8df4-cefb4451a11e,ab0eab3a-5862-5584-bfef-0b07ee18a2d8,7a297919-2d1a-4f25-bf72-eafc8b1c14a2,localhost,chrome,Linux,laptop,1536x960,en-US,FR,,,/,,,,,,,/,,,"Conciergerie Presqu'île de Crozon - CMD Breizh | Nettoyage, Jardinage, Gestion",,,,,,,\N,\N,\N,\N,\N,1,,,,2026-09-05 16:41:51,\N
8b01b6b5-5654-44d9-896b-6b4a52226756,b1212031-c675-5257-8df4-cefb4451a11e,ab0eab3a-5862-5584-bfef-0b07ee18a2d8,b524443a-d972-44a5-a2d3-b540559f164b,localhost,chrome,Linux,laptop,1536x960,en-US,FR,,,/,,,,,,,/,,,"Conciergerie Presqu'île de Crozon - CMD Breizh | Nettoyage, Jardinage, Gestion",,,,,,,\N,\N,\N,\N,\N,1,,,,2026-09-05 16:41:55,\N
8b01b6b5-5654-44d9-896b-6b4a52226756,b1212031-c675-5257-8df4-cefb4451a11e,ab0eab3a-5862-5584-bfef-0b07ee18a2d8,0da3cc20-0e77-4fe0-af92-fa892edfe63d,localhost,chrome,Linux,laptop,1536x960,en-US,FR,,,/,,,,,,,/,,,"Conciergerie Presqu'île de Crozon - CMD Breizh | Nettoyage, Jardinage, Gestion",,,,,,,\N,\N,\N,\N,\N,1,,,,2026-09-05 16:42:07,\N
8b01b6b5-5654-44d9-896b-6b4a52226756,b1212031-c675-5257-8df4-cefb4451a11e,ab0eab3a-5862-5584-bfef-0b07ee18a2d8,69bed23c-6592-4326-a51f-5054e9fe7b1a,localhost,chrome,Linux,laptop,1536x960,en-US,FR,,,/,,,,,,,/,,,"Conciergerie Presqu'île de Crozon - CMD Breizh | Nettoyage, Jardinage, Gestion",,,,,,,\N,\N,\N,\N,\N,1,,,,2026-09-05 16:42:17,\N
8b01b6b5-5654-44d9-896b-6b4a52226756,b1212031-c675-5257-8df4-cefb4451a11e,ab0eab3a-5862-5584-bfef-0b07ee18a2d8,7c1df3ec-5257-4363-a6f8-c5dc2a5390e4,localhost,chrome,Linux,laptop,1536x960,en-US,FR,,,/,,,,,,,/,,,"Conciergerie Presqu'île de Crozon - CMD Breizh | Nettoyage, Jardinage, Gestion",,,,,,,\N,\N,\N,\N,\N,1,,,,2026-09-05 16:42:20,\N
8b01b6b5-5654-44d9-896b-6b4a52226756,b1212031-c675-5257-8df4-cefb4451a11e,ab0eab3a-5862-5584-bfef-0b07ee18a2d8,e14e6227-3ca8-4500-bd2c-9fa0f37cf22f,localhost,chrome,Linux,laptop,1536x960,en-US,FR,,,/,,,,,,,/,,,"Conciergerie Presqu'île de Crozon - CMD Breizh | Nettoyage, Jardinage, Gestion",,,,,,,\N,\N,\N,\N,\N,1,,,,2026-09-05 16:42:26,\N
8b01b6b5-5654-44d9-896b-6b4a52226756,b1212031-c675-5257-8df4-cefb4451a11e,ab0eab3a-5862-5584-bfef-0b07ee18a2d8,d76c8bef-1638-4b88-a060-243d9399dbe1,localhost,chrome,Linux,laptop,1536x960,en-US,FR,,,/,,,,,,,/,,,"Conciergerie Presqu'île de Crozon - CMD Breizh | Nettoyage, Jardinage, Gestion",,,,,,,\N,\N,\N,\N,\N,1,,,,2026-09-05 16:42:32,\N
8b01b6b5-5654-44d9-896b-6b4a52226756,b1212031-c675-5257-8df4-cefb4451a11e,ab0eab3a-5862-5584-bfef-0b07ee18a2d8,b3496bdc-83ee-4b06-a85d-130653c2ea1a,localhost,chrome,Linux,laptop,1536x960,en-US,FR,,,/,,,,,,,/,,,"Conciergerie Presqu'île de Crozon - CMD Breizh | Nettoyage, Jardinage, Gestion",,,,,,,\N,\N,\N,\N,\N,1,,,,2026-09-05 16:42:36,\N
8b01b6b5-5654-44d9-896b-6b4a52226756,b1212031-c675-5257-8df4-cefb4451a11e,ab0eab3a-5862-5584-bfef-0b07ee18a2d8,6eeb9668-90b6-4185-a7b6-2a338a5ce6eb,localhost,chrome,Linux,laptop,1536x960,en-US,FR,,,/,,,,,,,/,,,"Conciergerie Presqu'île de Crozon - CMD Breizh | Nettoyage, Jardinage, Gestion",,,,,,,\N,\N,\N,\N,\N,1,,,,2026-09-05 16:42:41,\N
8b01b6b5-5654-44d9-896b-6b4a52226756,b1212031-c675-5257-8df4-cefb4451a11e,ab0eab3a-5862-5584-bfef-0b07ee18a2d8,5d5fe581-46ec-45a8-9648-e23c115116a2,localhost,chrome,Linux,laptop,1536x960,en-US,FR,,,/,,,,,,,/,,,"Conciergerie Presqu'île de Crozon - CMD Breizh | Nettoyage, Jardinage, Gestion",,,,,,,\N,\N,\N,\N,\N,1,,,,2026-09-05 16:42:44,\N
8b01b6b5-5654-44d9-896b-6b4a52226756,b1212031-c675-5257-8df4-cefb4451a11e,ab0eab3a-5862-5584-bfef-0b07ee18a2d8,c00bde69-37c9-4f6b-946d-25b0815687c9,localhost,chrome,Linux,laptop,1536x960,en-US,FR,,,/,,,,,,,/,,,"Conciergerie Presqu'île de Crozon - CMD Breizh | Nettoyage, Jardinage, Gestion",,,,,,,\N,\N,\N,\N,\N,1,,,,2026-09-05 16:43:02,\N
8b01b6b5-5654-44d9-896b-6b4a52226756,b1212031-c675-5257-8df4-cefb4451a11e,ab0eab3a-5862-5584-bfef-0b07ee18a2d8,7c48fc50-70ca-4a29-abff-5d4ff6956ac1,localhost,chrome,Linux,laptop,1536x960,en-US,FR,,,/,,,,,,,/,,,"Conciergerie Presqu'île de Crozon - CMD Breizh | Nettoyage, Jardinage, Gestion",,,,,,,\N,\N,\N,\N,\N,1,,,,2026-09-05 16:43:29,\N
8b01b6b5-5654-44d9-896b-6b4a52226756,b1212031-c675-5257-8df4-cefb4451a11e,ab0eab3a-5862-5584-bfef-0b07ee18a2d8,d8a5601e-2d9a-4d8c-81f2-e9927f419137,localhost,chrome,Linux,laptop,1536x960,en-US,FR,,,/,,,,,,,/,,,"Conciergerie Presqu'île de Crozon - CMD Breizh | Nettoyage, Jardinage, Gestion",,,,,,,\N,\N,\N,\N,\N,1,,,,2026-09-05 16:43:31,\N
8b01b6b5-5654-44d9-896b-6b4a52226756,b1212031-c675-5257-8df4-cefb4451a11e,ab0eab3a-5862-5584-bfef-0b07ee18a2d8,8dafe8ed-56e7-4f10-9344-33ae9e211c72,www.cmd.bzh,chrome,Linux,laptop,1536x960,en-US,FR,,,/,,,,,,,/,,,"Conciergerie Presqu'île de Crozon - CMD Breizh | Nettoyage, Jardinage, Gestion",,,,,,,\N,\N,\N,\N,\N,1,,,,2026-09-05 16:51:14,\N
8b01b6b5-5654-44d9-896b-6b4a52226756,b1212031-c675-5257-8df4-cefb4451a11e,ab0eab3a-5862-5584-bfef-0b07ee18a2d8,a8925750-5557-4649-9d7b-abd1240b9480,www.cmd.bzh,chrome,Linux,laptop,1536x960,en-US,FR,,,/,tab=About,,,,,,/,tab=About,,"Conciergerie Presqu'île de Crozon - CMD Breizh | Nettoyage, Jardinage, Gestion",,,,,,,\N,\N,\N,\N,\N,1,,,,2026-09-05 16:51:49,\N
8b01b6b5-5654-44d9-896b-6b4a52226756,b1212031-c675-5257-8df4-cefb4451a11e,ab0eab3a-5862-5584-bfef-0b07ee18a2d8,d767ca28-258b-4572-8cd8-36b7a5be42b0,www.cmd.bzh,chrome,Linux,laptop,1536x960,en-US,FR,,,/,tab=Contact,,,,,,/,tab=Contact,,"Conciergerie Presqu'île de Crozon - CMD Breizh | Nettoyage, Jardinage, Gestion",,,,,,,\N,\N,\N,\N,\N,1,,,,2026-09-05 16:51:54,\N
8b01b6b5-5654-44d9-896b-6b4a52226756,b1212031-c675-5257-8df4-cefb4451a11e,ab0eab3a-5862-5584-bfef-0b07ee18a2d8,b9c5186b-56ee-4985-aca1-b1523e049880,www.cmd.bzh,chrome,Linux,laptop,1536x960,en-US,FR,,,/,tab=Reviews,,,,,,/,tab=Reviews,,"Conciergerie Presqu'île de Crozon - CMD Breizh | Nettoyage, Jardinage, Gestion",,,,,,,\N,\N,\N,\N,\N,1,,,,2026-09-05 16:51:57,\N
8b01b6b5-5654-44d9-896b-6b4a52226756,b1212031-c675-5257-8df4-cefb4451a11e,ab0eab3a-5862-5584-bfef-0b07ee18a2d8,52037523-b117-4cb0-9ea0-8ce1832decc7,www.cmd.bzh,chrome,Linux,laptop,1536x960,en-US,FR,,,/,tab=Contact,,,,,,/,tab=Contact,,"Conciergerie Presqu'île de Crozon - CMD Breizh | Nettoyage, Jardinage, Gestion",,,,,,,\N,\N,\N,\N,\N,1,,,,2026-09-05 16:51:59,\N
8b01b6b5-5654-44d9-896b-6b4a52226756,b7ceb482-7fcb-5770-87e5-5749a5c1b6c2,c7ff27cf-411b-5ff4-9a0f-ee18da4cabb4,d17ab636-4a26-4d21-897d-82224800111b,www.cmd.bzh,edge-chromium,Windows 10,laptop,1440x960,en-GB,FR,FR-IDF,Villepinte,/,,,,,,,/,,duckduckgo.com,"Conciergerie Presqu'île de Crozon - CMD Breizh | Nettoyage, Jardinage, Gestion",,,,,,,\N,\N,\N,\N,\N,1,,,,2026-05-31 07:11:34,\N
8b01b6b5-5654-44d9-896b-6b4a52226756,b7ceb482-7fcb-5770-87e5-5749a5c1b6c2,c7ff27cf-411b-5ff4-9a0f-ee18da4cabb4,7ab52de6-07bb-481d-8311-f1966f609ab3,www.cmd.bzh,edge-chromium,Windows 10,laptop,1440x960,en-GB,FR,FR-IDF,Villepinte,/,tab=Contact,,,,,,/,tab=Contact,cmd.bzh,"Conciergerie Presqu'île de Crozon - CMD Breizh | Nettoyage, Jardinage, Gestion",,,,,,,\N,\N,\N,\N,\N,1,,,,2026-05-31 07:29:45,\N
8b01b6b5-5654-44d9-896b-6b4a52226756,5545d4e8-72e6-506a-9339-a324f9d067af,16dc9b2e-a390-5ed4-bf5b-7aa5aedc9ed4,58519410-5c26-449f-b584-d7054ff0f1d5,www.cmd.bzh,chrome,Android OS,mobile,360x780,de-DE,DE,DE-HE,Bensheim,/,,,,,,,/,,google.com,"Conciergerie Presqu'île de Crozon - CMD Breizh | Nettoyage, Jardinage, Gestion",,,,,,,\N,\N,\N,\N,\N,1,,,,2026-05-31 17:24:43,\N
8b01b6b5-5654-44d9-896b-6b4a52226756,5545d4e8-72e6-506a-9339-a324f9d067af,16dc9b2e-a390-5ed4-bf5b-7aa5aedc9ed4,ca0f42b2-f3ba-4864-831b-d4de569716bd,www.cmd.bzh,chrome,Android OS,mobile,360x780,de-DE,DE,DE-HE,Bensheim,/,tab=About,,,,,,/,tab=About,cmd.bzh,"Conciergerie Presqu'île de Crozon - CMD Breizh | Nettoyage, Jardinage, Gestion",,,,,,,\N,\N,\N,\N,\N,1,,,,2026-05-31 17:24:59,\N
8b01b6b5-5654-44d9-896b-6b4a52226756,5545d4e8-72e6-506a-9339-a324f9d067af,16dc9b2e-a390-5ed4-bf5b-7aa5aedc9ed4,869d67f0-eb8b-4bc4-9bb3-27e6251d144e,www.cmd.bzh,chrome,Android OS,mobile,360x780,de-DE,DE,DE-HE,Bensheim,/,,,,,,,/,tab=About,cmd.bzh,"Conciergerie Presqu'île de Crozon - CMD Breizh | Nettoyage, Jardinage, Gestion",,,,,,,\N,\N,\N,\N,\N,1,,,,2026-05-31 17:25:05,\N
8b01b6b5-5654-44d9-896b-6b4a52226756,5545d4e8-72e6-506a-9339-a324f9d067af,ed2c9200-a062-536c-b188-3e431821d09a,3e0fc578-b2de-4676-b6aa-fb5303495895,www.cmd.bzh,chrome,Android OS,mobile,360x780,de-DE,DE,DE-HE,Bensheim,/,,,,,,,/,,google.com,"Conciergerie Presqu'île de Crozon - CMD Breizh | Nettoyage, Jardinage, Gestion",,,,,,,\N,\N,\N,\N,\N,1,,,,2026-05-31 19:29:52,\N
8b01b6b5-5654-44d9-896b-6b4a52226756,5e152601-1923-5a16-93c0-9290a5c632a0,ac0bb265-38f8-5beb-b51f-f7f231b34a7f,5b59b41a-1517-4b2c-ace6-1beb146af963,www.cmd.bzh,ios,iOS,mobile,414x896,de-DE,FR,FR-IDF,Paris,/,,,,,,,,,,"Conciergerie Presqu'île de Crozon - CMD Breizh | Nettoyage, Jardinage, Gestion",,,,,,,\N,\N,\N,\N,\N,1,,,,2026-05-31 21:00:42,\N
8b01b6b5-5654-44d9-896b-6b4a52226756,5e152601-1923-5a16-93c0-9290a5c632a0,ac0bb265-38f8-5beb-b51f-f7f231b34a7f,318e4df8-1f3c-4a0d-9669-684289511a48,www.cmd.bzh,ios,iOS,mobile,414x896,de-DE,FR,FR-IDF,Paris,/,tab=About,,,,,,/,tab=About,cmd.bzh,"Conciergerie Presqu'île de Crozon - CMD Breizh | Nettoyage, Jardinage, Gestion",,,,,,,\N,\N,\N,\N,\N,1,,,,2026-05-31 21:00:59,\N
8b01b6b5-5654-44d9-896b-6b4a52226756,5e152601-1923-5a16-93c0-9290a5c632a0,ac0bb265-38f8-5beb-b51f-f7f231b34a7f,929324d1-b817-4cff-94b8-25afc2130405,www.cmd.bzh,ios,iOS,mobile,414x896,de-DE,FR,FR-IDF,Paris,/,tab=About,,,,,,,,,"Conciergerie Presqu'île de Crozon - CMD Breizh | Nettoyage, Jardinage, Gestion",,,,,,,\N,\N,\N,\N,\N,1,,,,2026-05-31 21:19:12,\N
8b01b6b5-5654-44d9-896b-6b4a52226756,fe068b4f-badf-5d20-9982-fe7d45e5e73e,3611867e-4a49-5a38-864f-8927dd096c97,383c2dd5-d9b7-46e6-b449-b667b9d09e4e,www.cmd.bzh,chrome,Android OS,mobile,360x780,de-DE,DE,DE-HE,Bensheim,/,,,,,,,/,,google.com,"Conciergerie Presqu'île de Crozon - CMD Breizh | Nettoyage, Jardinage, Gestion",,,,,,,\N,\N,\N,\N,\N,1,,,,2026-06-01 11:21:53,\N
8b01b6b5-5654-44d9-896b-6b4a52226756,b8b455d8-b55d-559c-8998-a610fa4dab5f,52a32650-425c-51a8-bdfc-ca8b78095b6c,8bb6fb5f-9026-41b0-9624-c11417c2c2f5,www.cmd.bzh,chrome,Windows 10,laptop,1920x1080,fr-FR,FR,FR-ARA,Lyon,/,,,,,,,/,,google.com,"Conciergerie Presqu'île de Crozon - CMD Breizh | Nettoyage, Jardinage, Gestion",,,,,,,\N,\N,\N,\N,\N,1,,,,2026-06-01 11:53:35,\N
8b01b6b5-5654-44d9-896b-6b4a52226756,b8b455d8-b55d-559c-8998-a610fa4dab5f,52a32650-425c-51a8-bdfc-ca8b78095b6c,fd61ed69-e095-4d5b-80b7-7661027676ff,www.cmd.bzh,chrome,Windows 10,laptop,1920x1080,fr-FR,FR,FR-ARA,Lyon,/,tab=Home,,,,,,/,tab=Home,cmd.bzh,"Conciergerie Presqu'île de Crozon - CMD Breizh | Nettoyage, Jardinage, Gestion",,,,,,,\N,\N,\N,\N,\N,1,,,,2026-06-01 11:53:45,\N
8b01b6b5-5654-44d9-896b-6b4a52226756,b8b455d8-b55d-559c-8998-a610fa4dab5f,52a32650-425c-51a8-bdfc-ca8b78095b6c,08831f5e-fc6c-4290-9d08-82eca116d418,www.cmd.bzh,chrome,Windows 10,laptop,1920x1080,fr-FR,FR,FR-ARA,Lyon,/,tab=About,,,,,,/,tab=About,cmd.bzh,"Conciergerie Presqu'île de Crozon - CMD Breizh | Nettoyage, Jardinage, Gestion",,,,,,,\N,\N,\N,\N,\N,1,,,,2026-06-01 11:53:49,\N
8b01b6b5-5654-44d9-896b-6b4a52226756,b8b455d8-b55d-559c-8998-a610fa4dab5f,52a32650-425c-51a8-bdfc-ca8b78095b6c,c2efb5c7-9197-4d96-bba5-b6cce003f142,www.cmd.bzh,chrome,Windows 10,laptop,1920x1080,fr-FR,FR,FR-ARA,Lyon,/,tab=Reviews,,,,,,/,tab=Reviews,cmd.bzh,"Conciergerie Presqu'île de Crozon - CMD Breizh | Nettoyage, Jardinage, Gestion",,,,,,,\N,\N,\N,\N,\N,1,,,,2026-06-01 11:54:43,\N
8b01b6b5-5654-44d9-896b-6b4a52226756,b8b455d8-b55d-559c-8998-a610fa4dab5f,52a32650-425c-51a8-bdfc-ca8b78095b6c,708b8df3-49ae-4eb6-a714-6ff7a1602e32,www.cmd.bzh,chrome,Windows 10,laptop,1920x1080,fr-FR,FR,FR-ARA,Lyon,/,tab=About,,,,,,/,tab=Reviews,cmd.bzh,"Conciergerie Presqu'île de Crozon - CMD Breizh | Nettoyage, Jardinage, Gestion",,,,,,,\N,\N,\N,\N,\N,1,,,,2026-06-01 11:54:46,\N
8b01b6b5-5654-44d9-896b-6b4a52226756,b8b455d8-b55d-559c-8998-a610fa4dab5f,52a32650-425c-51a8-bdfc-ca8b78095b6c,53652cd9-b440-4d48-add0-d6c47d57b95e,www.cmd.bzh,chrome,Windows 10,laptop,1920x1080,fr-FR,FR,FR-ARA,Lyon,/,tab=Home,,,,,,/,tab=About,cmd.bzh,"Conciergerie Presqu'île de Crozon - CMD Breizh | Nettoyage, Jardinage, Gestion",,,,,,,\N,\N,\N,\N,\N,1,,,,2026-06-01 11:54:47,\N
8b01b6b5-5654-44d9-896b-6b4a52226756,b8b455d8-b55d-559c-8998-a610fa4dab5f,52a32650-425c-51a8-bdfc-ca8b78095b6c,ffe1540a-c171-48d9-ad73-5b0da1412127,www.cmd.bzh,chrome,Windows 10,laptop,1920x1080,fr-FR,FR,FR-ARA,Lyon,/,,,,,,,/,tab=Home,cmd.bzh,"Conciergerie Presqu'île de Crozon - CMD Breizh | Nettoyage, Jardinage, Gestion",,,,,,,\N,\N,\N,\N,\N,1,,,,2026-06-01 11:54:48,\N
8b01b6b5-5654-44d9-896b-6b4a52226756,fe068b4f-badf-5d20-9982-fe7d45e5e73e,f8e3d025-4bd7-5008-8a35-433dd8887dfb,30c1e3b7-4cf0-446f-82d4-87ef9701d2c7,www.cmd.bzh,chrome,Android OS,mobile,360x780,de-DE,DE,DE-HE,Bensheim,/,,,,,,,/,,google.com,"Conciergerie Presqu'île de Crozon - CMD Breizh | Nettoyage, Jardinage, Gestion",,,,,,,\N,\N,\N,\N,\N,1,,,,2026-06-01 12:56:13,\N
8b01b6b5-5654-44d9-896b-6b4a52226756,bfff5dc6-b19c-5012-b93a-d06022b92a74,f9b20ed6-595b-5e1b-9f25-3bc87d095bcc,8d83c368-fdeb-42c9-9338-c161672e2dc5,www.cmd.bzh,ios,iOS,mobile,428x926,fr-FR,FR,FR-IDF,Paris,/,,,,,,,,,,"Conciergerie Presqu'île de Crozon - CMD Breizh | Nettoyage, Jardinage, Gestion",,,,,,,\N,\N,\N,\N,\N,1,,,,2026-06-01 19:18:29,\N
8b01b6b5-5654-44d9-896b-6b4a52226756,334cee26-0890-54c3-ad73-4d2cd2d2514e,00a78cb4-5096-5b81-9e0c-9fce340d63c9,cebc05b3-552f-439e-95d5-1c7aa40a1f02,www.cmd.bzh,chrome,Mac OS,desktop,3440x1440,en-US,DE,DE-SN,Falkenstein,/,,,,,,,,,,"Conciergerie Presqu'île de Crozon - CMD Breizh | Nettoyage, Jardinage, Gestion",,,,,,,\N,\N,\N,\N,\N,1,,,,2026-06-02 00:44:33,\N
8b01b6b5-5654-44d9-896b-6b4a52226756,e79ddc33-4ffa-5535-a8bd-9fea2a189bd0,b1abf61e-4618-560a-8d89-93760cd68b52,e885544e-f066-45b6-aac3-b498ae714435,www.cmd.bzh,chrome,Windows 10,laptop,1920x1080,en-US,DE,DE-SN,Falkenstein,/,,,,,,,,,,"Conciergerie Presqu'île de Crozon - CMD Breizh | Nettoyage, Jardinage, Gestion",,,,,,,\N,\N,\N,\N,\N,1,,,,2026-06-02 00:44:33,\N
8b01b6b5-5654-44d9-896b-6b4a52226756,b46df447-384d-5b9e-8489-7677302f0b87,1df31fe1-ad95-5ffc-aa2d-2cede35a09d6,05902422-0ac6-4fb9-87f9-97c1a4c5fb3b,www.cmd.bzh,chrome,Android OS,mobile,384x832,fr-FR,FR,FR-BRE,Saint-Thégonnec,/,,,,,,,/,,google.com,"Conciergerie Presqu'île de Crozon - CMD Breizh | Nettoyage, Jardinage, Gestion",,,,,,,\N,\N,\N,\N,\N,1,,,,2026-06-02 13:05:11,\N
8b01b6b5-5654-44d9-896b-6b4a52226756,b46df447-384d-5b9e-8489-7677302f0b87,1df31fe1-ad95-5ffc-aa2d-2cede35a09d6,daeaed38-66a7-44bf-bc47-5e95d2f879f9,www.cmd.bzh,chrome,Android OS,mobile,384x832,fr-FR,FR,FR-BRE,Saint-Thégonnec,/,tab=Contact,,,,,,/,tab=Contact,cmd.bzh,"Conciergerie Presqu'île de Crozon - CMD Breizh | Nettoyage, Jardinage, Gestion",,,,,,,\N,\N,\N,\N,\N,1,,,,2026-06-02 13:05:17,\N
8b01b6b5-5654-44d9-896b-6b4a52226756,66a03f15-7e01-5b6e-9ef2-a1aa8b4d1849,7b8e6ecf-d6b0-5e4b-96a8-f0161a1baf9b,ff46a7db-e5d8-4a81-a9b0-f7fcccfbe85d,www.cmd.bzh,ios,iOS,mobile,428x926,fr-FR,FR,FR-IDF,Paris,/,,,,,,,,,,"Conciergerie Presqu'île de Crozon - CMD Breizh | Nettoyage, Jardinage, Gestion",,,,,,,\N,\N,\N,\N,\N,1,,,,2026-06-03 07:03:21,\N
8b01b6b5-5654-44d9-896b-6b4a52226756,e6024870-46ad-5549-a55f-89e0fbbec8c9,a9b8a95d-158e-5511-9e45-cda815edbc69,107f688c-51f5-4a60-a89b-abd1d98c3f6d,www.cmd.bzh,chrome,Android OS,mobile,360x780,en-US,FR,FR-ARA,Lyon,/,,,,,,,/,,google.com,"Conciergerie Presqu'île de Crozon - CMD Breizh | Nettoyage, Jardinage, Gestion",,,,,,,\N,\N,\N,\N,\N,1,,,,2026-06-03 15:34:27,\N
8b01b6b5-5654-44d9-896b-6b4a52226756,0bfd5ab0-f4b6-54f7-b37a-a55decff70ae,69430cc3-8e59-5ae1-9963-f2d8d7fa79b4,80559942-ecf6-4efa-a02b-416e2bae49fc,www.cmd.bzh,chrome,Windows 10,laptop,1920x1080,fr-FR,FR,FR-BFC,Gergy,/,,,,,,,/,,google.com,"Conciergerie Presqu'île de Crozon - CMD Breizh | Nettoyage, Jardinage, Gestion",,,,,,,\N,\N,\N,\N,\N,1,,,,2026-06-03 16:59:19,\N
8b01b6b5-5654-44d9-896b-6b4a52226756,0bfd5ab0-f4b6-54f7-b37a-a55decff70ae,69430cc3-8e59-5ae1-9963-f2d8d7fa79b4,43142027-eb6b-4582-bdd6-707ff62842b5,www.cmd.bzh,chrome,Windows 10,laptop,1920x1080,fr-FR,FR,FR-BFC,Gergy,/,tab=About,,,,,,/,tab=About,cmd.bzh,"Conciergerie Presqu'île de Crozon - CMD Breizh | Nettoyage, Jardinage, Gestion",,,,,,,\N,\N,\N,\N,\N,1,,,,2026-06-03 17:00:09,\N
8b01b6b5-5654-44d9-896b-6b4a52226756,0bfd5ab0-f4b6-54f7-b37a-a55decff70ae,58ab8b9e-199f-5351-8bd6-cbd728b93010,c46821f8-525d-4c0d-a809-4195e774f0ad,www.cmd.bzh,chrome,Windows 10,laptop,1920x1080,fr-FR,FR,FR-BFC,Gergy,/,tab=About,,,,,,/,,google.com,"Conciergerie Presqu'île de Crozon - CMD Breizh | Nettoyage, Jardinage, Gestion",,,,,,,\N,\N,\N,\N,\N,1,,,,2026-06-03 17:54:25,\N
8b01b6b5-5654-44d9-896b-6b4a52226756,fe464d81-16ff-59af-8305-cf76bfe3b4be,e7758dcb-8bd8-59cc-bd5d-6271277d5e5e,ec483263-5213-40a6-985c-0626712676bf,www.cmd.bzh,chrome,Windows 10,laptop,1920x1080,fr-FR,BE,BE-WAL,Mettet,/,,,,,,,/,,bing.com,"Conciergerie Presqu'île de Crozon - CMD Breizh | Nettoyage, Jardinage, Gestion",,,,,,,\N,\N,\N,\N,\N,1,,,,2026-06-05 14:58:23,\N
8b01b6b5-5654-44d9-896b-6b4a52226756,fe464d81-16ff-59af-8305-cf76bfe3b4be,e7758dcb-8bd8-59cc-bd5d-6271277d5e5e,ace45f9e-87ed-465c-9a1a-95747f4da67e,www.cmd.bzh,chrome,Windows 10,laptop,1920x1080,fr-FR,BE,BE-WAL,Mettet,/,tab=About,,,,,,/,tab=About,cmd.bzh,"Conciergerie Presqu'île de Crozon - CMD Breizh | Nettoyage, Jardinage, Gestion",,,,,,,\N,\N,\N,\N,\N,1,,,,2026-06-05 14:59:12,\N
8b01b6b5-5654-44d9-896b-6b4a52226756,fe464d81-16ff-59af-8305-cf76bfe3b4be,e7758dcb-8bd8-59cc-bd5d-6271277d5e5e,e6644b06-90e0-48ce-81cf-fc866a4e04a6,www.cmd.bzh,chrome,Windows 10,laptop,1920x1080,fr-FR,BE,BE-WAL,Mettet,/,tab=Reviews,,,,,,/,tab=Reviews,cmd.bzh,"Conciergerie Presqu'île de Crozon - CMD Breizh | Nettoyage, Jardinage, Gestion",,,,,,,\N,\N,\N,\N,\N,1,,,,2026-06-05 14:59:59,\N
8b01b6b5-5654-44d9-896b-6b4a52226756,f187ac5d-36d1-5a35-8b80-9a21a5d4af6a,9ec3ccd2-411a-5e33-8e6d-5b9b9ebfd282,919de264-bc10-46f2-ae33-0595d3f102db,www.cmd.bzh,chrome,Android OS,mobile,393x873,fr-FR,FR,FR-ARA,Saint-Pierre-en-Faucigny,/,,,,,,,/,,google.com,"Conciergerie Presqu'île de Crozon - CMD Breizh | Nettoyage, Jardinage, Gestion",,,,,,,\N,\N,\N,\N,\N,1,,,,2026-06-10 13:38:32,\N
8b01b6b5-5654-44d9-896b-6b4a52226756,f187ac5d-36d1-5a35-8b80-9a21a5d4af6a,9ec3ccd2-411a-5e33-8e6d-5b9b9ebfd282,aac32d83-5c15-4884-b539-6d95410b4a9c,www.cmd.bzh,chrome,Android OS,mobile,393x873,fr-FR,FR,FR-ARA,Saint-Pierre-en-Faucigny,/,tab=About,,,,,,/,tab=About,cmd.bzh,"Conciergerie Presqu'île de Crozon - CMD Breizh | Nettoyage, Jardinage, Gestion",,,,,,,\N,\N,\N,\N,\N,1,,,,2026-06-10 13:38:47,\N
8b01b6b5-5654-44d9-896b-6b4a52226756,f187ac5d-36d1-5a35-8b80-9a21a5d4af6a,9ec3ccd2-411a-5e33-8e6d-5b9b9ebfd282,204ce9d0-d99d-4990-9a42-8a6e738ce24a,www.cmd.bzh,chrome,Android OS,mobile,393x873,fr-FR,FR,FR-ARA,Saint-Pierre-en-Faucigny,/,,,,,,,/,tab=About,cmd.bzh,"Conciergerie Presqu'île de Crozon - CMD Breizh | Nettoyage, Jardinage, Gestion",,,,,,,\N,\N,\N,\N,\N,1,,,,2026-06-10 13:39:18,\N
8b01b6b5-5654-44d9-896b-6b4a52226756,b2c23a87-564b-56e9-b519-a752bbd50277,90461d07-6b36-5059-8382-bb9b85572ebd,bac44c5a-57ca-4326-b2ca-3a8c7619d547,www.cmd.bzh,firefox,Windows 10,laptop,1536x864,fr,FR,FR-BRE,Plougastel-Daoulas,/,,,,,,,/,,google.com,"Conciergerie Presqu'île de Crozon - CMD Breizh | Nettoyage, Jardinage, Gestion",,,,,,,\N,\N,\N,\N,\N,1,,,,2026-06-10 15:24:39,\N
8b01b6b5-5654-44d9-896b-6b4a52226756,136285ff-7f04-54cb-af9e-3d591602baf4,e690dcaf-d592-53d9-b0d4-d82a0bab4321,8d6356fc-270b-40b5-b513-c29bebba3a24,www.cmd.bzh,chrome,Android OS,mobile,360x803,fr-FR,FR,FR-BRE,Quessoy,/,,,,,,,,,,"Conciergerie Presqu'île de Crozon - CMD Breizh | Nettoyage, Jardinage, Gestion",,,,,,,\N,\N,\N,\N,\N,1,,,,2026-06-11 05:19:02,\N
8b01b6b5-5654-44d9-896b-6b4a52226756,136285ff-7f04-54cb-af9e-3d591602baf4,e690dcaf-d592-53d9-b0d4-d82a0bab4321,04f0e590-9b87-439c-918b-b76521b4137a,www.cmd.bzh,chrome,Android OS,mobile,360x803,fr-FR,FR,FR-BRE,Quessoy,/,tab=About,,,,,,/,tab=About,cmd.bzh,"Conciergerie Presqu'île de Crozon - CMD Breizh | Nettoyage, Jardinage, Gestion",,,,,,,\N,\N,\N,\N,\N,1,,,,2026-06-11 05:19:32,\N
8b01b6b5-5654-44d9-896b-6b4a52226756,136285ff-7f04-54cb-af9e-3d591602baf4,e690dcaf-d592-53d9-b0d4-d82a0bab4321,5ea9647f-44cb-43fb-9c12-7c30bc6eb143,www.cmd.bzh,chrome,Android OS,mobile,360x803,fr-FR,FR,FR-BRE,Quessoy,/,,,,,,,/,tab=About,cmd.bzh,"Conciergerie Presqu'île de Crozon - CMD Breizh | Nettoyage, Jardinage, Gestion",,,,,,,\N,\N,\N,\N,\N,1,,,,2026-06-11 05:20:36,\N
8b01b6b5-5654-44d9-896b-6b4a52226756,f33104fa-74dc-5bed-af36-863ed6695cf6,a698105d-f82d-5df3-96e1-61b23658a620,08af08c7-670d-4755-b9e3-9b13309beedc,www.cmd.bzh,chrome,Android OS,mobile,412x1006,fr-FR,FR,,,/,,,,,,,,,,"Conciergerie Presqu'île de Crozon - CMD Breizh | Nettoyage, Jardinage, Gestion",,,,,,,\N,\N,\N,\N,\N,1,,,,2026-06-12 17:34:48,\N
8b01b6b5-5654-44d9-896b-6b4a52226756,c8864a8c-81e5-500d-8fc9-051d1b93f473,94bbf2d2-af64-5b0e-b8a7-857f89d3b2fc,b8a5ec92-9901-47b6-95cc-75a93b3ab5de,www.cmd.bzh,ios,iOS,mobile,402x874,fr-FR,FR,,,/,,,,,,,/,,google.com,"Conciergerie Presqu'île de Crozon - CMD Breizh | Nettoyage, Jardinage, Gestion",,,,,,,\N,\N,\N,\N,\N,1,,,,2026-06-14 17:32:51,\N
8b01b6b5-5654-44d9-896b-6b4a52226756,c8864a8c-81e5-500d-8fc9-051d1b93f473,94bbf2d2-af64-5b0e-b8a7-857f89d3b2fc,529c67ad-e74d-43dd-a704-63c9058a2d9d,www.cmd.bzh,ios,iOS,mobile,402x874,fr-FR,FR,,,/,tab=About,,,,,,/,tab=About,cmd.bzh,"Conciergerie Presqu'île de Crozon - CMD Breizh | Nettoyage, Jardinage, Gestion",,,,,,,\N,\N,\N,\N,\N,1,,,,2026-06-14 17:33:03,\N
8b01b6b5-5654-44d9-896b-6b4a52226756,c8864a8c-81e5-500d-8fc9-051d1b93f473,94bbf2d2-af64-5b0e-b8a7-857f89d3b2fc,18123431-cddf-48c4-8819-32b5638cf45f,www.cmd.bzh,ios,iOS,mobile,402x874,fr-FR,FR,,,/,tab=Contact,,,,,,/,tab=Contact,cmd.bzh,"Conciergerie Presqu'île de Crozon - CMD Breizh | Nettoyage, Jardinage, Gestion",,,,,,,\N,\N,\N,\N,\N,1,,,,2026-06-14 17:33:07,\N
8b01b6b5-5654-44d9-896b-6b4a52226756,9b93d0f5-49fd-5247-930d-67f3ee1a493b,8740e720-8736-5ebc-ade2-2831192df44f,767dcd57-cc17-4b62-9b72-b1e39eb1e15d,www.cmd.bzh,crios,iOS,mobile,390x844,fr-FR,FR,,,/,,,,,,,/,,google.com,"Conciergerie Presqu'île de Crozon - CMD Breizh | Nettoyage, Jardinage, Gestion",,,,,,,\N,\N,\N,\N,\N,1,,,,2026-06-14 18:07:21,\N
8b01b6b5-5654-44d9-896b-6b4a52226756,ac6744fd-0808-5df9-9f06-31765eae0520,514a895b-c68e-5ac6-af4b-767e5d267994,487aa00c-3e69-4ec3-948d-ad13f0a7aa3e,www.cmd.bzh,chrome,Windows 10,laptop,1600x900,fr-FR,FR,,,/,,,,,,,/,,google.com,"Conciergerie Presqu'île de Crozon - CMD Breizh | Nettoyage, Jardinage, Gestion",,,,,,,\N,\N,\N,\N,\N,1,,,,2026-06-15 20:44:53,\N
8b01b6b5-5654-44d9-896b-6b4a52226756,2e00f350-8dfa-5e69-b5dc-06dfb1736a0a,650a6f8b-dec0-5d3b-80f7-719cc0a640ca,15503a0e-7fa4-4b2c-ab06-d48ae8520110,www.cmd.bzh,chrome,Windows 10,laptop,1366x768,en-US,DE,DE-SN,Falkenstein,/,,,,,,,,,,"Conciergerie Presqu'île de Crozon - CMD Breizh | Nettoyage, Jardinage, Gestion",,,,,,,\N,\N,\N,\N,\N,1,,,,2026-06-15 21:52:46,\N
8b01b6b5-5654-44d9-896b-6b4a52226756,0b71fbae-260d-5422-ad7d-3f68e5515d12,36d39e8e-c1b9-54ad-af20-cbb5ff184260,de2cc5ef-484e-4f7a-bcff-b943253d1100,www.cmd.bzh,chrome,Windows 10,laptop,1536x864,en-US,DE,DE-SN,Falkenstein,/,,,,,,,,,,"Conciergerie Presqu'île de Crozon - CMD Breizh | Nettoyage, Jardinage, Gestion",,,,,,,\N,\N,\N,\N,\N,1,,,,2026-06-15 21:52:46,\N
8b01b6b5-5654-44d9-896b-6b4a52226756,d3c9a736-d37b-523b-a7a4-4ceef754c998,78019f98-ff64-53fa-9a6d-f9d141fc47b2,22c8cd47-a261-49dd-8051-d8f4d73b11f1,www.cmd.bzh,chrome,Linux,laptop,1920x1080,en-US,DE,DE-HE,Frankfurt am Main,/,,,,,,,,,,"Conciergerie Presqu'île de Crozon - CMD Breizh | Nettoyage, Jardinage, Gestion",,,,,,,\N,\N,\N,\N,\N,1,,,,2026-06-15 21:52:51,\N
8b01b6b5-5654-44d9-896b-6b4a52226756,c914019e-68cf-54d8-ab7f-c0a957742438,a142c061-d573-59be-994d-3663e55014f9,967d9cf4-4395-42b7-8727-216becf92ac2,www.cmd.bzh,safari,Mac OS,laptop,1440x900,fr-FR,FR,FR-BRE,Quimper,/,,,,,,,/,,google.com,"Conciergerie Presqu'île de Crozon - CMD Breizh | Nettoyage, Jardinage, Gestion",,,,,,,\N,\N,\N,\N,\N,1,,,,2026-06-16 08:18:43,\N
8b01b6b5-5654-44d9-896b-6b4a52226756,c914019e-68cf-54d8-ab7f-c0a957742438,a142c061-d573-59be-994d-3663e55014f9,da6d3e53-920c-4f12-9a2c-a07625743fa6,www.cmd.bzh,safari,Mac OS,laptop,1440x900,fr-FR,FR,FR-BRE,Quimper,/,tab=About,,,,,,/,tab=About,cmd.bzh,"Conciergerie Presqu'île de Crozon - CMD Breizh | Nettoyage, Jardinage, Gestion",,,,,,,\N,\N,\N,\N,\N,1,,,,2026-06-16 08:18:45,\N
8b01b6b5-5654-44d9-896b-6b4a52226756,364dadb1-7601-5c00-971d-a155218e6b2a,afaccdfe-d374-5740-8d7c-2fd0108b047b,047f4c79-66b5-4228-a3d9-cf355ca24d11,www.cmd.bzh,ios-webview,iOS,mobile,414x896,fr-FR,FR,FR-OCC,Pézenas,/,,,,,,,/,,google.com,"Conciergerie Presqu'île de Crozon - CMD Breizh | Nettoyage, Jardinage, Gestion",,,,,,,\N,\N,\N,\N,\N,1,,,,2026-06-16 12:42:24,\N
8b01b6b5-5654-44d9-896b-6b4a52226756,2a409c6a-b4ff-56ab-93e3-978f9cb3e847,2d9b4f30-e236-5890-9bef-09a2a0f621ba,c719a6da-1ca5-4858-97b2-55524f045c35,www.cmd.bzh,chrome,Android OS,mobile,360x740,fr,FR,FR-PDL,Nantes,/,ved=2ahUKEwjqyaO04Y2VAxVuVqQEHSl0B84QgU96BAgfEAg,,,,,,,,,"Conciergerie Presqu'île de Crozon - CMD Breizh | Nettoyage, Jardinage, Gestion",,,,,,,\N,\N,\N,\N,\N,1,,,,2026-06-17 07:34:40,\N
8b01b6b5-5654-44d9-896b-6b4a52226756,3b130883-05e4-5e01-aaa9-8b8086ee7c47,b2500d08-d167-5573-8f92-bbf3615ecd4a,d8421749-341c-4053-9b04-4d92b97b078d,www.cmd.bzh,chrome,Android OS,mobile,412x892,fr-FR,FR,FR-IDF,,/,,,,,,,/,,google.com,"Conciergerie Presqu'île de Crozon - CMD Breizh | Nettoyage, Jardinage, Gestion",,,,,,,\N,\N,\N,\N,\N,1,,,,2026-06-17 14:05:35,\N
8b01b6b5-5654-44d9-896b-6b4a52226756,e1ed6dcd-4d83-5035-9750-834272b4c47f,76994b6e-ed43-5a6b-9b13-08a9d0facf2f,9d498bfc-fc14-4287-8804-8b7216191370,www.cmd.bzh,chrome,Android OS,mobile,360x800,fr-FR,FR,,,/,,,,,,,/,,google.com,"Conciergerie Presqu'île de Crozon - CMD Breizh | Nettoyage, Jardinage, Gestion",,,,,,,\N,\N,\N,\N,\N,1,,,,2026-06-17 19:49:28,\N
8b01b6b5-5654-44d9-896b-6b4a52226756,ec61f4df-5bf0-5328-836d-bbc646ec9579,b2d8e82d-63b6-549b-a3de-50105bb43e99,4e83beeb-680b-46f7-8c7b-b237c9db4043,www.cmd.bzh,chrome,Android OS,mobile,360x780,fr-FR,FR,,,/,,,,,,,/,,google.com,"Conciergerie Presqu'île de Crozon - CMD Breizh | Nettoyage, Jardinage, Gestion",,,,,,,\N,\N,\N,\N,\N,1,,,,2026-06-18 06:50:12,\N
8b01b6b5-5654-44d9-896b-6b4a52226756,ec61f4df-5bf0-5328-836d-bbc646ec9579,b2d8e82d-63b6-549b-a3de-50105bb43e99,ca24842b-25c2-4767-901e-0983c8de1548,www.cmd.bzh,chrome,Android OS,mobile,360x780,fr-FR,FR,,,/,tab=About,,,,,,/,tab=About,cmd.bzh,"Conciergerie Presqu'île de Crozon - CMD Breizh | Nettoyage, Jardinage, Gestion",,,,,,,\N,\N,\N,\N,\N,1,,,,2026-06-18 06:52:00,\N
8b01b6b5-5654-44d9-896b-6b4a52226756,ec61f4df-5bf0-5328-836d-bbc646ec9579,b2d8e82d-63b6-549b-a3de-50105bb43e99,0fa0c37a-cf67-4a1b-be65-834c187ae08e,www.cmd.bzh,chrome,Android OS,mobile,360x780,fr-FR,FR,,,/,tab=Reviews,,,,,,/,tab=Reviews,cmd.bzh,"Conciergerie Presqu'île de Crozon - CMD Breizh | Nettoyage, Jardinage, Gestion",,,,,,,\N,\N,\N,\N,\N,1,,,,2026-06-18 06:53:19,\N
8b01b6b5-5654-44d9-896b-6b4a52226756,ec61f4df-5bf0-5328-836d-bbc646ec9579,b2d8e82d-63b6-549b-a3de-50105bb43e99,8364516f-10c7-46a1-8e27-4c580aef5032,www.cmd.bzh,chrome,Android OS,mobile,360x780,fr-FR,FR,,,/,tab=About,,,,,,/,tab=Reviews,cmd.bzh,"Conciergerie Presqu'île de Crozon - CMD Breizh | Nettoyage, Jardinage, Gestion",,,,,,,\N,\N,\N,\N,\N,1,,,,2026-06-18 06:53:25,\N
8b01b6b5-5654-44d9-896b-6b4a52226756,ec61f4df-5bf0-5328-836d-bbc646ec9579,b2d8e82d-63b6-549b-a3de-50105bb43e99,290fd34a-36f6-4019-b756-81c61cb1c708,www.cmd.bzh,chrome,Android OS,mobile,360x780,fr-FR,FR,,,/,,,,,,,/,tab=About,cmd.bzh,"Conciergerie Presqu'île de Crozon - CMD Breizh | Nettoyage, Jardinage, Gestion",,,,,,,\N,\N,\N,\N,\N,1,,,,2026-06-18 06:53:26,\N
8b01b6b5-5654-44d9-896b-6b4a52226756,5bc9d8c1-af61-50ec-9022-967e5fc4faa6,f286b00f-0fae-5bf2-9da5-76acbc3616fe,a4ec6943-010d-4534-96ff-be9a5c695f83,www.cmd.bzh,chrome,Android OS,mobile,360x800,fr-FR,FR,FR-IDF,,/,,,,,,,/,,google.com,"Conciergerie Presqu'île de Crozon - CMD Breizh | Nettoyage, Jardinage, Gestion",,,,,,,\N,\N,\N,\N,\N,1,,,,2026-06-18 12:09:32,\N
8b01b6b5-5654-44d9-896b-6b4a52226756,5bc9d8c1-af61-50ec-9022-967e5fc4faa6,f286b00f-0fae-5bf2-9da5-76acbc3616fe,4e162100-9625-4be7-bfec-01d2abeb40e7,www.cmd.bzh,chrome,Android OS,mobile,360x800,fr-FR,FR,FR-IDF,,/,tab=Contact,,,,,,/,tab=Contact,cmd.bzh,"Conciergerie Presqu'île de Crozon - CMD Breizh | Nettoyage, Jardinage, Gestion",,,,,,,\N,\N,\N,\N,\N,1,,,,2026-06-18 12:09:56,\N
8b01b6b5-5654-44d9-896b-6b4a52226756,e93cab5f-c2f1-5932-8929-61e6c6759706,931756eb-1964-5c82-b52c-88372278c9df,b19bfb4e-c6b2-4df3-aa07-2626b82eb451,www.cmd.bzh,chrome,Windows 10,laptop,1280x720,fr-FR,FR,FR-IDF,Paris,/,,,,,,,/,,google.com,"Conciergerie Presqu'île de Crozon - CMD Breizh | Nettoyage, Jardinage, Gestion",,,,,,,\N,\N,\N,\N,\N,1,,,,2026-06-18 12:36:03,\N
8b01b6b5-5654-44d9-896b-6b4a52226756,e93cab5f-c2f1-5932-8929-61e6c6759706,931756eb-1964-5c82-b52c-88372278c9df,27ad6e5c-288f-4281-a81b-7f21f777354f,www.cmd.bzh,chrome,Windows 10,laptop,1280x720,fr-FR,FR,FR-IDF,Paris,/,tab=Contact,,,,,,/,tab=Contact,cmd.bzh,"Conciergerie Presqu'île de Crozon - CMD Breizh | Nettoyage, Jardinage, Gestion",,,,,,,\N,\N,\N,\N,\N,1,,,,2026-06-18 12:36:09,\N
8b01b6b5-5654-44d9-896b-6b4a52226756,e93cab5f-c2f1-5932-8929-61e6c6759706,931756eb-1964-5c82-b52c-88372278c9df,542d2c26-a7d0-4fb0-9573-d97d8b40bf09,www.cmd.bzh,chrome,Windows 10,laptop,1280x720,fr-FR,FR,FR-IDF,Paris,/,,,,,,,/,tab=Contact,cmd.bzh,"Conciergerie Presqu'île de Crozon - CMD Breizh | Nettoyage, Jardinage, Gestion",,,,,,,\N,\N,\N,\N,\N,1,,,,2026-06-18 12:37:15,\N
8b01b6b5-5654-44d9-896b-6b4a52226756,a7910538-c5a8-57a1-8679-61e97277ff50,e47f5ac9-d876-5df5-990d-e64e250192f7,a110e695-ac25-42d2-a265-03ec52896630,www.cmd.bzh,chrome,Windows 10,laptop,1920x1080,en-US,US,,,/,,,,,,,,,,"Conciergerie Presqu'île de Crozon - CMD Breizh | Nettoyage, Jardinage, Gestion",,,,,,,\N,\N,\N,\N,\N,1,,,,2026-06-19 20:40:49,\N
8b01b6b5-5654-44d9-896b-6b4a52226756,a7910538-c5a8-57a1-8679-61e97277ff50,478ad6bd-25af-596b-8b71-9b4ebf49d8a1,9dcb0814-c8cc-4fbf-aa47-25b015bea5d3,www.cmd.bzh,chrome,Windows 10,laptop,1920x1080,en-US,US,,,/,,,,,,,,,,"Conciergerie Presqu'île de Crozon - CMD Breizh | Nettoyage, Jardinage, Gestion",,,,,,,\N,\N,\N,\N,\N,1,,,,2026-06-19 22:02:26,\N
8b01b6b5-5654-44d9-896b-6b4a52226756,4bc2a55c-b800-5744-97d6-f5c6b486cfd0,bc95c4b5-7a77-5bf7-bb26-11da361fc491,40b43cdc-6f16-4247-a660-95fcb328bf34,www.cmd.bzh,chrome,Windows 10,laptop,1366x768,fr-FR,FR,FR-PDL,Le Mans,/,,,,,,,/,,google.com,"Conciergerie Presqu'île de Crozon - CMD Breizh | Nettoyage, Jardinage, Gestion",,,,,,,\N,\N,\N,\N,\N,1,,,,2026-06-21 17:39:07,\N
8b01b6b5-5654-44d9-896b-6b4a52226756,4bc2a55c-b800-5744-97d6-f5c6b486cfd0,bc95c4b5-7a77-5bf7-bb26-11da361fc491,deb5f088-81b3-4a17-8c18-1a4f510ca5ff,www.cmd.bzh,chrome,Windows 10,laptop,1366x768,fr-FR,FR,FR-PDL,Le Mans,/,tab=About,,,,,,/,tab=About,cmd.bzh,"Conciergerie Presqu'île de Crozon - CMD Breizh | Nettoyage, Jardinage, Gestion",,,,,,,\N,\N,\N,\N,\N,1,,,,2026-06-21 17:39:21,\N
8b01b6b5-5654-44d9-896b-6b4a52226756,4bc2a55c-b800-5744-97d6-f5c6b486cfd0,bc95c4b5-7a77-5bf7-bb26-11da361fc491,79d552df-c585-4713-b9af-c71bb27bdfc7,www.cmd.bzh,chrome,Windows 10,laptop,1366x768,fr-FR,FR,FR-PDL,Le Mans,/,tab=Reviews,,,,,,/,tab=Reviews,cmd.bzh,"Conciergerie Presqu'île de Crozon - CMD Breizh | Nettoyage, Jardinage, Gestion",,,,,,,\N,\N,\N,\N,\N,1,,,,2026-06-21 17:40:39,\N
8b01b6b5-5654-44d9-896b-6b4a52226756,4bc2a55c-b800-5744-97d6-f5c6b486cfd0,bc95c4b5-7a77-5bf7-bb26-11da361fc491,bbe95b30-e2d2-49c1-a31c-72c3cd066509,www.cmd.bzh,chrome,Windows 10,laptop,1366x768,fr-FR,FR,FR-PDL,Le Mans,/,tab=Contact,,,,,,/,tab=Contact,cmd.bzh,"Conciergerie Presqu'île de Crozon - CMD Breizh | Nettoyage, Jardinage, Gestion",,,,,,,\N,\N,\N,\N,\N,1,,,,2026-06-21 17:40:45,\N
8b01b6b5-5654-44d9-896b-6b4a52226756,4bc2a55c-b800-5744-97d6-f5c6b486cfd0,bc95c4b5-7a77-5bf7-bb26-11da361fc491,c0266a50-5443-4f8d-95cf-4ac6f84727d5,www.cmd.bzh,chrome,Windows 10,laptop,1366x768,fr-FR,FR,FR-PDL,Le Mans,/,tab=Home,,,,,,/,tab=Home,cmd.bzh,"Conciergerie Presqu'île de Crozon - CMD Breizh | Nettoyage, Jardinage, Gestion",,,,,,,\N,\N,\N,\N,\N,1,,,,2026-06-21 17:40:53,\N
8b01b6b5-5654-44d9-896b-6b4a52226756,fb35ac7e-22f9-53b0-8e0f-6b55143fe60f,e3bd7d6d-bf19-54d8-a2f8-afc63690e4db,22f284ea-deea-418a-b58a-801912316d95,www.cmd.bzh,chrome,Mac OS,desktop,1930x1090,en,US,US-CA,Santa Clara,/,,,,,,,,,,"Conciergerie Presqu'île de Crozon - CMD Breizh | Nettoyage, Jardinage, Gestion",,,,,,,\N,\N,\N,\N,\N,1,,,,2026-06-22 09:19:05,\N
8b01b6b5-5654-44d9-896b-6b4a52226756,fb35ac7e-22f9-53b0-8e0f-6b55143fe60f,e3bd7d6d-bf19-54d8-a2f8-afc63690e4db,90b353e7-5a2b-4375-96c6-8abcfdc036ab,www.cmd.bzh,chrome,Mac OS,desktop,1930x1090,en,US,US-CA,Santa Clara,/,,,,,,,,,,"Conciergerie Presqu'île de Crozon - CMD Breizh | Nettoyage, Jardinage, Gestion",,,,,,,\N,\N,\N,\N,\N,1,,,,2026-06-22 09:19:25,\N
8b01b6b5-5654-44d9-896b-6b4a52226756,d5ac58ae-0b36-5990-90c1-67375d11ad19,48150d37-c4a6-57a9-849b-1c63ff44e9ea,9794a54b-1b7c-41b9-8910-d5e92d9831df,www.cmd.bzh,chrome,Windows 10,laptop,1366x768,en-CN,SG,,Singapore,/,,,,,,,,,,"Conciergerie Presqu'île de Crozon - CMD Breizh | Nettoyage, Jardinage, Gestion",,,,,,,\N,\N,\N,\N,\N,1,,,,2026-06-22 19:44:13,\N
8b01b6b5-5654-44d9-896b-6b4a52226756,d5ac58ae-0b36-5990-90c1-67375d11ad19,48150d37-c4a6-57a9-849b-1c63ff44e9ea,d5a86517-3cba-4537-a284-28a1e53b672a,www.cmd.bzh,chrome,Windows 10,laptop,1920x1080,en-CN,SG,,Singapore,/,,,,,,,,,,"Conciergerie Presqu'île de Crozon - CMD Breizh | Nettoyage, Jardinage, Gestion",,,,,,,\N,\N,\N,\N,\N,1,,,,2026-06-22 19:44:13,\N
8b01b6b5-5654-44d9-896b-6b4a52226756,7db2e28e-778e-5d5d-936d-b86d24a1618f,dda20b9b-a0fa-5149-9ca3-be9a83f61a81,c3399016-a25b-45c9-b961-0afc849a1ad5,www.cmd.bzh,firefox,Windows 10,laptop,1920x1080,fr,FR,,,/,,,,,,,/,,google.com,"Conciergerie Presqu'île de Crozon - CMD Breizh | Nettoyage, Jardinage, Gestion",,,,,,,\N,\N,\N,\N,\N,1,,,,2026-06-23 12:45:27,\N
8b01b6b5-5654-44d9-896b-6b4a52226756,c97375b7-5401-515a-8b62-ef1955554396,dcd0672d-dda2-5f5d-a3a0-c02db063c856,0c5e4428-7fcc-4c86-b1b7-d0eadb5eb4e5,www.cmd.bzh,chrome,Windows 10,laptop,1812x1019,fr-FR,FR,FR-OCC,Balsac,/,,,,,,,/,,google.com,"Conciergerie Presqu'île de Crozon - CMD Breizh | Nettoyage, Jardinage, Gestion",,,,,,,\N,\N,\N,\N,\N,1,,,,2026-06-24 18:40:31,\N
8b01b6b5-5654-44d9-896b-6b4a52226756,c97375b7-5401-515a-8b62-ef1955554396,dcd0672d-dda2-5f5d-a3a0-c02db063c856,e460836c-8e9d-43c8-bf08-4823d6092435,www.cmd.bzh,chrome,Windows 10,laptop,1812x1019,fr-FR,FR,FR-OCC,Balsac,/,tab=Contact,,,,,,/,tab=Contact,cmd.bzh,"Conciergerie Presqu'île de Crozon - CMD Breizh | Nettoyage, Jardinage, Gestion",,,,,,,\N,\N,\N,\N,\N,1,,,,2026-06-24 18:40:35,\N
8b01b6b5-5654-44d9-896b-6b4a52226756,61b4969e-c115-599d-a7d7-99cf194cff6a,4ecfacc3-fb24-5d16-8741-6fbf1d899225,3eee2396-5451-4689-ada9-446b5e14f68f,www.cmd.bzh,opera,Windows 10,laptop,800x600,en-US,DE,,,/,,,,,,,,,,"Conciergerie Presqu'île de Crozon - CMD Breizh | Nettoyage, Jardinage, Gestion",,,,,,,\N,\N,\N,\N,\N,1,,,,2026-06-25 05:05:53,\N
8b01b6b5-5654-44d9-896b-6b4a52226756,b68bd45c-12c7-5eeb-b400-962161e5cb9f,0e133b8e-9611-5363-90c3-eeb41107b56a,1a447833-4931-47fa-be71-54f4a71920f6,www.cmd.bzh,edge-chromium,Windows 10,laptop,1536x960,fr,FR,FR-BRE,Landerneau,/,,,,,,,/,,bing.com,"Conciergerie Presqu'île de Crozon - CMD Breizh | Nettoyage, Jardinage, Gestion",,,,,,,\N,\N,\N,\N,\N,1,,,,2026-06-25 14:25:30,\N
8b01b6b5-5654-44d9-896b-6b4a52226756,b68bd45c-12c7-5eeb-b400-962161e5cb9f,0e133b8e-9611-5363-90c3-eeb41107b56a,40b15165-8fc6-4bd6-9518-c3df8a1ee6af,www.cmd.bzh,edge-chromium,Windows 10,laptop,1536x960,fr,FR,FR-BRE,Landerneau,/,tab=GDPR,,,,,,/,tab=GDPR,cmd.bzh,"Conciergerie Presqu'île de Crozon - CMD Breizh | Nettoyage, Jardinage, Gestion",,,,,,,\N,\N,\N,\N,\N,1,,,,2026-06-25 14:26:14,\N
8b01b6b5-5654-44d9-896b-6b4a52226756,2b04fb04-edcb-596f-ba13-ba6e89b1057f,270f5712-25d0-57a9-9c3f-3c1209eb2ff2,edbb27dd-2ec2-4800-b83e-d59d24e66bc4,www.cmd.bzh,firefox,Windows 10,laptop,1536x864,en-US,DE,DE-SL,St. Ingbert,/,,,,,,,/,,google.com,"Conciergerie Presqu'île de Crozon - CMD Breizh | Nettoyage, Jardinage, Gestion",,,,,,,\N,\N,\N,\N,\N,1,,,,2026-06-25 21:12:04,\N
8b01b6b5-5654-44d9-896b-6b4a52226756,2b04fb04-edcb-596f-ba13-ba6e89b1057f,270f5712-25d0-57a9-9c3f-3c1209eb2ff2,7c951630-15a1-49de-ae11-5109221f8082,www.cmd.bzh,firefox,Windows 10,laptop,1536x864,en-US,DE,DE-SL,St. Ingbert,/,tab=About,,,,,,/,tab=About,cmd.bzh,"Conciergerie Presqu'île de Crozon - CMD Breizh | Nettoyage, Jardinage, Gestion",,,,,,,\N,\N,\N,\N,\N,1,,,,2026-06-25 21:12:18,\N
8b01b6b5-5654-44d9-896b-6b4a52226756,2b04fb04-edcb-596f-ba13-ba6e89b1057f,270f5712-25d0-57a9-9c3f-3c1209eb2ff2,764bea47-0228-415a-8111-a85d4dd0d33c,www.cmd.bzh,firefox,Windows 10,laptop,1536x864,en-US,DE,DE-SL,St. Ingbert,/,tab=Contact,,,,,,/,tab=Contact,cmd.bzh,"Conciergerie Presqu'île de Crozon - CMD Breizh | Nettoyage, Jardinage, Gestion",,,,,,,\N,\N,\N,\N,\N,1,,,,2026-06-25 21:12:20,\N
8b01b6b5-5654-44d9-896b-6b4a52226756,d3c9b529-0d08-59d9-83c4-e0cb218f69c4,895ad06f-9661-5e39-a3a0-7bbe3bc7daea,b0e08b9f-8cd3-4efb-9fc3-1fb85bd4f12e,www.cmd.bzh,chrome,Linux,laptop,1920x1080,en-US,FR,,,/,,,,,,,,,,"Conciergerie Presqu'île de Crozon - CMD Breizh | Nettoyage, Jardinage, Gestion",,,,,,,\N,\N,\N,\N,\N,1,,,,2026-06-27 03:35:37,\N
8b01b6b5-5654-44d9-896b-6b4a52226756,ee803da7-eac2-5620-84bf-b3b878a1db1a,9707a495-eef8-52fa-b8e3-edf95e34aacc,403a889f-30b5-4907-9e82-0a139efe46b5,www.cmd.bzh,chrome,Windows 10,laptop,1280x720,fr-FR,FR,FR-BRE,Quimper,/,,,,,,,/,,google.com,"Conciergerie Presqu'île de Crozon - CMD Breizh | Nettoyage, Jardinage, Gestion",,,,,,,\N,\N,\N,\N,\N,1,,,,2026-08-01 11:07:18,\N
8b01b6b5-5654-44d9-896b-6b4a52226756,ee803da7-eac2-5620-84bf-b3b878a1db1a,9707a495-eef8-52fa-b8e3-edf95e34aacc,cabd895f-dfd5-4d04-97b5-7ad01f870cdb,www.cmd.bzh,chrome,Windows 10,laptop,1280x720,fr-FR,FR,FR-BRE,Quimper,/,tab=About,,,,,,/,tab=About,cmd.bzh,"Conciergerie Presqu'île de Crozon - CMD Breizh | Nettoyage, Jardinage, Gestion",,,,,,,\N,\N,\N,\N,\N,1,,,,2026-08-01 11:08:44,\N
8b01b6b5-5654-44d9-896b-6b4a52226756,ee803da7-eac2-5620-84bf-b3b878a1db1a,9707a495-eef8-52fa-b8e3-edf95e34aacc,5aaf57bc-41cc-4b14-b9b2-28115bd82d62,www.cmd.bzh,chrome,Windows 10,laptop,1280x720,fr-FR,FR,FR-BRE,Quimper,/,tab=Reviews,,,,,,/,tab=Reviews,cmd.bzh,"Conciergerie Presqu'île de Crozon - CMD Breizh | Nettoyage, Jardinage, Gestion",,,,,,,\N,\N,\N,\N,\N,1,,,,2026-08-01 11:10:37,\N
8b01b6b5-5654-44d9-896b-6b4a52226756,ee803da7-eac2-5620-84bf-b3b878a1db1a,9707a495-eef8-52fa-b8e3-edf95e34aacc,a156af74-e5a0-45dc-8828-0f3aaa80fcca,www.cmd.bzh,chrome,Windows 10,laptop,1280x720,fr-FR,FR,FR-BRE,Quimper,/,tab=Home,,,,,,/,tab=Home,cmd.bzh,"Conciergerie Presqu'île de Crozon - CMD Breizh | Nettoyage, Jardinage, Gestion",,,,,,,\N,\N,\N,\N,\N,1,,,,2026-08-01 11:10:45,\N
8b01b6b5-5654-44d9-896b-6b4a52226756,5e0ecb51-3011-5195-ae86-b3b352839dc9,288dd545-0299-5e44-bd27-15f8acea6449,761824ab-3b58-4942-9e21-47c538d4a5bb,www.cmd.bzh,chrome,Android OS,mobile,393x895,fr-FR,FR,FR-IDF,Paris,/,,,,,,,/,,google.com,"Conciergerie Presqu'île de Crozon - CMD Breizh | Nettoyage, Jardinage, Gestion",,,,,,,\N,\N,\N,\N,\N,1,,,,2026-08-02 17:34:18,\N
8b01b6b5-5654-44d9-896b-6b4a52226756,5e0ecb51-3011-5195-ae86-b3b352839dc9,288dd545-0299-5e44-bd27-15f8acea6449,2a0bd7af-d185-447c-93b2-eac3d871d7ae,www.cmd.bzh,chrome,Android OS,mobile,393x895,fr-FR,FR,FR-IDF,Paris,/,,,,,,,/,,google.com,"Conciergerie Presqu'île de Crozon - CMD Breizh | Nettoyage, Jardinage, Gestion",,,,,,,\N,\N,\N,\N,\N,1,,,,2026-08-02 17:41:20,\N
8b01b6b5-5654-44d9-896b-6b4a52226756,72bddd28-afeb-525e-a04e-a0ec47e059b0,ae6aeeed-359e-5e49-a638-455f63f23313,98244fed-4ab1-4797-b382-cde76340b6a6,www.cmd.bzh,chrome,Android OS,mobile,393x895,fr-FR,FR,,,/,,,,,,,/,,google.com,"Conciergerie Presqu'île de Crozon - CMD Breizh | Nettoyage, Jardinage, Gestion",,,,,,,\N,\N,\N,\N,\N,1,,,,2026-08-02 18:39:55,\N
8b01b6b5-5654-44d9-896b-6b4a52226756,9eca2113-fdb1-59a7-8941-431c55e6a212,33980771-2691-5088-a85f-44fecb68b2f8,3107c644-500f-4a51-9b2e-dd2f84524c96,www.cmd.bzh,chrome,Android OS,mobile,360x780,fr-BE,BE,BE-WAL,La Louvière,/,,,,,,,/,,google.com,"Conciergerie Presqu'île de Crozon - CMD Breizh | Nettoyage, Jardinage, Gestion",,,,,,,\N,\N,\N,\N,\N,1,,,,2026-08-03 06:29:42,\N
8b01b6b5-5654-44d9-896b-6b4a52226756,9eca2113-fdb1-59a7-8941-431c55e6a212,33980771-2691-5088-a85f-44fecb68b2f8,b8f6d6ca-30fc-4329-a020-e9e48908f74b,www.cmd.bzh,chrome,Android OS,mobile,360x780,fr-BE,BE,BE-WAL,La Louvière,/,,,,,,,/,,google.com,"Conciergerie Presqu'île de Crozon - CMD Breizh | Nettoyage, Jardinage, Gestion",,,,,,,\N,\N,\N,\N,\N,1,,,,2026-08-03 06:31:56,\N
8b01b6b5-5654-44d9-896b-6b4a52226756,f7562700-ff95-5693-8fe5-324ae36d0ee5,3201052b-e4e2-5154-8f72-d71ac6115c53,c3386a6b-dd4f-430f-b226-50231d5d6cc9,www.cmd.bzh,samsung,Android OS,mobile,360x780,fr-FR,FR,FR-IDF,,/,,,,,,,/,,google.com,"Conciergerie Presqu'île de Crozon - CMD Breizh | Nettoyage, Jardinage, Gestion",,,,,,,\N,\N,\N,\N,\N,1,,,,2026-08-03 15:04:51,\N
8b01b6b5-5654-44d9-896b-6b4a52226756,1e35e4a0-a15c-5697-b6a5-046f238a5770,73130159-93bc-5035-92ab-1febc98dec48,5e3a7ecf-4a25-43b6-8959-352bc73befa1,www.cmd.bzh,firefox,Windows 10,laptop,1280x720,en-US,DE,DE-BB,Potsdam,/,,,,,,,/,,google.com,"Conciergerie Presqu'île de Crozon - CMD Breizh | Nettoyage, Jardinage, Gestion",,,,,,,\N,\N,\N,\N,\N,1,,,,2026-08-06 14:32:32,\N
8b01b6b5-5654-44d9-896b-6b4a52226756,1e35e4a0-a15c-5697-b6a5-046f238a5770,73130159-93bc-5035-92ab-1febc98dec48,55f988d4-bb57-42e1-b6bf-9e89679c471f,www.cmd.bzh,firefox,Windows 10,laptop,1280x720,en-US,DE,DE-BB,Potsdam,/,tab=About,,,,,,/,tab=About,,"Conciergerie Presqu'île de Crozon - CMD Breizh | Nettoyage, Jardinage, Gestion",,,,,,,\N,\N,\N,\N,\N,1,,,,2026-08-06 14:32:50,\N
8b01b6b5-5654-44d9-896b-6b4a52226756,1e35e4a0-a15c-5697-b6a5-046f238a5770,73130159-93bc-5035-92ab-1febc98dec48,119c13fc-9cd4-4ac7-910e-518d7e5c9819,www.cmd.bzh,firefox,Windows 10,laptop,1280x720,en-US,DE,DE-BB,Potsdam,/,tab=Reviews,,,,,,/,tab=Reviews,,"Conciergerie Presqu'île de Crozon - CMD Breizh | Nettoyage, Jardinage, Gestion",,,,,,,\N,\N,\N,\N,\N,1,,,,2026-08-06 14:32:54,\N
8b01b6b5-5654-44d9-896b-6b4a52226756,1e35e4a0-a15c-5697-b6a5-046f238a5770,73130159-93bc-5035-92ab-1febc98dec48,806d13e9-4911-4d19-ad97-7c63fb419e7c,www.cmd.bzh,firefox,Windows 10,laptop,1280x720,en-US,DE,DE-BB,Potsdam,/,tab=Contact,,,,,,/,tab=Contact,,"Conciergerie Presqu'île de Crozon - CMD Breizh | Nettoyage, Jardinage, Gestion",,,,,,,\N,\N,\N,\N,\N,1,,,,2026-08-06 14:32:56,\N
8b01b6b5-5654-44d9-896b-6b4a52226756,1e35e4a0-a15c-5697-b6a5-046f238a5770,73130159-93bc-5035-92ab-1febc98dec48,76e8f5b2-b4d8-4a7a-9cbc-7a809f46f32a,www.cmd.bzh,firefox,Windows 10,laptop,1280x720,en-US,DE,DE-BB,Potsdam,/,tab=Reviews,,,,,,/,tab=Contact,,"Conciergerie Presqu'île de Crozon - CMD Breizh | Nettoyage, Jardinage, Gestion",,,,,,,\N,\N,\N,\N,\N,1,,,,2026-08-06 14:33:07,\N
8b01b6b5-5654-44d9-896b-6b4a52226756,1e35e4a0-a15c-5697-b6a5-046f238a5770,73130159-93bc-5035-92ab-1febc98dec48,096216f9-fbf0-4383-ae31-f8c194e40d10,www.cmd.bzh,firefox,Windows 10,laptop,1280x720,en-US,DE,DE-BB,Potsdam,/,tab=About,,,,,,/,tab=Reviews,,"Conciergerie Presqu'île de Crozon - CMD Breizh | Nettoyage, Jardinage, Gestion",,,,,,,\N,\N,\N,\N,\N,1,,,,2026-08-06 14:33:08,\N
8b01b6b5-5654-44d9-896b-6b4a52226756,1e35e4a0-a15c-5697-b6a5-046f238a5770,73130159-93bc-5035-92ab-1febc98dec48,f33586e5-3da4-48a8-861a-da730227a249,www.cmd.bzh,firefox,Windows 10,laptop,1280x720,en-US,DE,DE-BB,Potsdam,/,,,,,,,/,tab=About,,"Conciergerie Presqu'île de Crozon - CMD Breizh | Nettoyage, Jardinage, Gestion",,,,,,,\N,\N,\N,\N,\N,1,,,,2026-08-06 14:33:10,\N
8b01b6b5-5654-44d9-896b-6b4a52226756,342eec2a-b806-5254-befd-72bfb3f2cb51,ab9770df-2382-570f-8fbb-60be0bd32978,7e72c3f2-7716-400a-8446-80baca83fc41,www.cmd.bzh,ios,iOS,mobile,390x844,fr-FR,FR,FR-PDL,,/,,,,,,,/,,google.com,"Conciergerie Presqu'île de Crozon - CMD Breizh | Nettoyage, Jardinage, Gestion",,,,,,,\N,\N,\N,\N,\N,1,,,,2026-08-08 06:15:24,\N
8b01b6b5-5654-44d9-896b-6b4a52226756,342eec2a-b806-5254-befd-72bfb3f2cb51,ab9770df-2382-570f-8fbb-60be0bd32978,1f1d6f58-fc01-4b8e-bd10-3eea85e64cde,www.cmd.bzh,ios,iOS,mobile,390x844,fr-FR,FR,FR-PDL,,/,tab=About,,,,,,/,tab=About,,"Conciergerie Presqu'île de Crozon - CMD Breizh | Nettoyage, Jardinage, Gestion",,,,,,,\N,\N,\N,\N,\N,1,,,,2026-08-08 06:15:51,\N
8b01b6b5-5654-44d9-896b-6b4a52226756,342eec2a-b806-5254-befd-72bfb3f2cb51,ab9770df-2382-570f-8fbb-60be0bd32978,b214f756-b114-4048-a1dc-4ff7d91150c9,www.cmd.bzh,ios,iOS,mobile,390x844,fr-FR,FR,FR-PDL,,/,,,,,,,/,tab=About,,"Conciergerie Presqu'île de Crozon - CMD Breizh | Nettoyage, Jardinage, Gestion",,,,,,,\N,\N,\N,\N,\N,1,,,,2026-08-08 06:16:02,\N
8b01b6b5-5654-44d9-896b-6b4a52226756,04eb94b4-3713-5eb2-bb28-7c7fad1238c7,f8e492a5-b0a2-5200-8903-f0016a11e5e5,b0a03cf1-5231-4e14-9e44-fe893154e455,www.cmd.bzh,chrome,Windows 10,laptop,1280x720,en-US,US,,,/,,,,,,,,,,"Conciergerie Presqu'île de Crozon - CMD Breizh | Nettoyage, Jardinage, Gestion",,,,,,,\N,\N,\N,\N,\N,1,,,,2026-08-12 12:25:50,\N
8b01b6b5-5654-44d9-896b-6b4a52226756,110e0ec7-2955-5f1e-9770-189be88d2f5e,50ba1e2b-de61-58da-8bba-07a11bdeeeab,6c5715dd-97d1-4379-9efa-454d6ce905b7,www.cmd.bzh,chrome,Windows 10,laptop,1600x900,en-US,US,,,/,,,,,,,,,,"Conciergerie Presqu'île de Crozon - CMD Breizh | Nettoyage, Jardinage, Gestion",,,,,,,\N,\N,\N,\N,\N,1,,,,2026-08-13 04:04:09,\N
8b01b6b5-5654-44d9-896b-6b4a52226756,110e0ec7-2955-5f1e-9770-189be88d2f5e,a80f50f0-43c3-508a-8aca-52060247a452,d2d384e1-6126-436d-aadf-05e1412f8743,www.cmd.bzh,chrome,Windows 10,desktop,3440x1440,en-US,US,,,/,,,,,,,,,,"Conciergerie Presqu'île de Crozon - CMD Breizh | Nettoyage, Jardinage, Gestion",,,,,,,\N,\N,\N,\N,\N,1,,,,2026-08-13 07:25:31,\N
8b01b6b5-5654-44d9-896b-6b4a52226756,6ecc561b-250a-5bf1-a4d7-ee6554856594,f34c0a72-1a5f-589a-b5b8-9c8d434b6cf1,7a350c3b-2883-46b1-abda-01dd1ea8adab,www.cmd.bzh,firefox,Android OS,mobile,396x880,fr-FR,FR,FR-BRE,Plougastel-Daoulas,/,ved=2ahUKEwiui4Oi1rGVAxVRUqQEHR5DN_MQgU96BAgyEAg,,,,,,/,,google.com,"Conciergerie Presqu'île de Crozon - CMD Breizh | Nettoyage, Jardinage, Gestion",,,,,,,\N,\N,\N,\N,\N,1,,,,2026-07-01 14:22:54,\N
8b01b6b5-5654-44d9-896b-6b4a52226756,786fa58f-8620-5f45-8d4e-8adcf907614b,b5b1b20b-ed6b-5221-a17d-f693c147e33a,c7775e08-9157-4705-9361-6509dbde0a1b,www.cmd.bzh,chrome,Linux,laptop,1920x890,en-US,US,US-NY,New York,/,,,,,,,,,,"Conciergerie Presqu'île de Crozon - CMD Breizh | Nettoyage, Jardinage, Gestion",,,,,,,\N,\N,\N,\N,\N,1,,,,2026-07-04 16:14:22,\N
8b01b6b5-5654-44d9-896b-6b4a52226756,d3e92d93-b80d-50bb-9e34-1580bdc3d48d,baf6b309-bbee-5df8-a960-2b63d6a5d625,a51fd71a-ccf4-4336-b149-107b0bad7ca4,www.cmd.bzh,chrome,Android OS,mobile,384x854,fr-FR,FR,,,/,,,,,,,/,,qwant.com,"Conciergerie Presqu'île de Crozon - CMD Breizh | Nettoyage, Jardinage, Gestion",,,,,,,\N,\N,\N,\N,\N,1,,,,2026-07-07 03:32:59,\N
8b01b6b5-5654-44d9-896b-6b4a52226756,d3e92d93-b80d-50bb-9e34-1580bdc3d48d,baf6b309-bbee-5df8-a960-2b63d6a5d625,ff6ae804-3647-4563-93ab-9916d2ab7691,www.cmd.bzh,chrome,Android OS,mobile,384x854,fr-FR,FR,,,/,,,,,,,/,,qwant.com,"Conciergerie Presqu'île de Crozon - CMD Breizh | Nettoyage, Jardinage, Gestion",,,,,,,\N,\N,\N,\N,\N,1,,,,2026-07-07 03:33:15,\N
8b01b6b5-5654-44d9-896b-6b4a52226756,c2d85bb4-286f-58f8-9ec8-fc043dff9b4e,24acaeef-0952-5867-b819-984b6d2baf94,a6653f44-a04c-488d-a8e7-f5198b205ba5,www.cmd.bzh,chrome,Android OS,mobile,384x854,fr-FR,FR,,,/,,,,,,,/,,qwant.com,"Conciergerie Presqu'île de Crozon - CMD Breizh | Nettoyage, Jardinage, Gestion",,,,,,,\N,\N,\N,\N,\N,1,,,,2026-07-07 04:01:40,\N
8b01b6b5-5654-44d9-896b-6b4a52226756,c2d85bb4-286f-58f8-9ec8-fc043dff9b4e,24acaeef-0952-5867-b819-984b6d2baf94,ec0be536-aaef-45bf-b723-674c9450ad27,www.cmd.bzh,chrome,Android OS,mobile,384x854,fr-FR,FR,,,/,,,,,,,/,,qwant.com,"Conciergerie Presqu'île de Crozon - CMD Breizh | Nettoyage, Jardinage, Gestion",,,,,,,\N,\N,\N,\N,\N,1,,,,2026-07-07 04:01:49,\N
8b01b6b5-5654-44d9-896b-6b4a52226756,c2d85bb4-286f-58f8-9ec8-fc043dff9b4e,24acaeef-0952-5867-b819-984b6d2baf94,0aa2c1be-6bef-467c-ade0-13c68cc52fc6,www.cmd.bzh,chrome,Android OS,mobile,384x854,fr-FR,FR,,,/,tab=About,,,,,,/,tab=About,cmd.bzh,"Conciergerie Presqu'île de Crozon - CMD Breizh | Nettoyage, Jardinage, Gestion",,,,,,,\N,\N,\N,\N,\N,1,,,,2026-07-07 04:01:58,\N
8b01b6b5-5654-44d9-896b-6b4a52226756,c3f42a00-c125-555e-aac2-8ee4290cf908,1ef6b9a0-282d-5c09-af8c-0efc2672b72d,d9895ced-fded-4d59-911c-19334c52d3c8,www.cmd.bzh,chrome,Android OS,mobile,384x854,fr-FR,FR,,,/,tab=About,,,,,,/,,qwant.com,"Conciergerie Presqu'île de Crozon - CMD Breizh | Nettoyage, Jardinage, Gestion",,,,,,,\N,\N,\N,\N,\N,1,,,,2026-07-07 04:09:11,\N
8b01b6b5-5654-44d9-896b-6b4a52226756,771e3892-359a-5666-9aa3-e6b93c37a1e5,06eefb40-2284-5e05-a680-27dee2c42b64,568a42f5-14df-4fb4-8a9b-a060220c7007,www.cmd.bzh,chrome,Android OS,mobile,412x915,fr-FR,FR,FR-BRE,Plougastel-Daoulas,/,,,,,,,/,,google.com,"Conciergerie Presqu'île de Crozon - CMD Breizh | Nettoyage, Jardinage, Gestion",,,,,,,\N,\N,\N,\N,\N,1,,,,2026-07-07 07:10:11,\N
8b01b6b5-5654-44d9-896b-6b4a52226756,771e3892-359a-5666-9aa3-e6b93c37a1e5,06eefb40-2284-5e05-a680-27dee2c42b64,d36ae65c-91a4-40d1-b3fc-dfcb01582055,www.cmd.bzh,chrome,Android OS,mobile,412x915,fr-FR,FR,FR-BRE,Plougastel-Daoulas,/,tab=About,,,,,,/,tab=About,cmd.bzh,"Conciergerie Presqu'île de Crozon - CMD Breizh | Nettoyage, Jardinage, Gestion",,,,,,,\N,\N,\N,\N,\N,1,,,,2026-07-07 07:10:23,\N
8b01b6b5-5654-44d9-896b-6b4a52226756,771e3892-359a-5666-9aa3-e6b93c37a1e5,06eefb40-2284-5e05-a680-27dee2c42b64,21f52157-d834-42e9-96df-d22ccac45508,www.cmd.bzh,chrome,Android OS,mobile,412x915,fr-FR,FR,FR-BRE,Plougastel-Daoulas,/,tab=Reviews,,,,,,/,tab=Reviews,cmd.bzh,"Conciergerie Presqu'île de Crozon - CMD Breizh | Nettoyage, Jardinage, Gestion",,,,,,,\N,\N,\N,\N,\N,1,,,,2026-07-07 07:10:27,\N
8b01b6b5-5654-44d9-896b-6b4a52226756,771e3892-359a-5666-9aa3-e6b93c37a1e5,06eefb40-2284-5e05-a680-27dee2c42b64,dc74bbc0-bea6-4009-8335-0e1676488fbf,www.cmd.bzh,chrome,Android OS,mobile,412x915,fr-FR,FR,FR-BRE,Plougastel-Daoulas,/,tab=Home,,,,,,/,tab=Home,cmd.bzh,"Conciergerie Presqu'île de Crozon - CMD Breizh | Nettoyage, Jardinage, Gestion",,,,,,,\N,\N,\N,\N,\N,1,,,,2026-07-07 07:10:30,\N
8b01b6b5-5654-44d9-896b-6b4a52226756,42eea638-fb17-5cb2-8734-fdabc7888ad3,aff32622-f459-517d-a9d8-aeea3ff45806,e4e3d03d-716f-40c7-b5c6-9f2963dec9a5,www.cmd.bzh,chrome,Android OS,mobile,384x854,fr-FR,GR,GR-H,Chalcis,/,tab=About,,,,,,/,,qwant.com,"Conciergerie Presqu'île de Crozon - CMD Breizh | Nettoyage, Jardinage, Gestion",,,,,,,\N,\N,\N,\N,\N,1,,,,2026-07-07 14:04:22,\N
8b01b6b5-5654-44d9-896b-6b4a52226756,9790e9f6-2e36-520f-bd3c-59548ae043ba,4d034d61-69cb-5754-aefc-5fc5b4b03115,d1658f0f-4e8a-48be-9563-604607574910,www.cmd.bzh,chrome,Android OS,mobile,360x780,fr-FR,GR,GR-H,Chalcis,/,tab=About,,,,,,,,,"Conciergerie Presqu'île de Crozon - CMD Breizh | Nettoyage, Jardinage, Gestion",,,,,,,\N,\N,\N,\N,\N,1,,,,2026-07-07 18:34:18,\N
8b01b6b5-5654-44d9-896b-6b4a52226756,405c9c58-f773-50d3-8340-ba4da75c8aef,ae05c8fa-4d6d-5a42-9a9b-4709e6e9f21d,a980cce8-2f2c-4f61-8b3a-a0dc1d323a10,www.cmd.bzh,ios,iOS,mobile,375x667,fr-FR,FR,,,/,,,,,,,/,,google.com,"Conciergerie Presqu'île de Crozon - CMD Breizh | Nettoyage, Jardinage, Gestion",,,,,,,\N,\N,\N,\N,\N,1,,,,2026-07-09 12:58:05,\N
8b01b6b5-5654-44d9-896b-6b4a52226756,1e452a06-3ac6-5404-8ba0-2603b552847c,33b1e15c-7bf4-5019-bf55-a31db93156c8,a4d90f12-b992-4696-9136-417ee3a4acf2,www.cmd.bzh,chrome,Mac OS,desktop,1930x1090,en,US,US-CA,Santa Clara,/,,,,,,,,,,"Conciergerie Presqu'île de Crozon - CMD Breizh | Nettoyage, Jardinage, Gestion",,,,,,,\N,\N,\N,\N,\N,1,,,,2026-07-10 11:29:19,\N
8b01b6b5-5654-44d9-896b-6b4a52226756,1e452a06-3ac6-5404-8ba0-2603b552847c,33b1e15c-7bf4-5019-bf55-a31db93156c8,a1c17892-7e4e-4310-967e-2c80d0611158,www.cmd.bzh,chrome,Mac OS,desktop,1930x1090,en,US,US-CA,Santa Clara,/,,,,,,,,,,"Conciergerie Presqu'île de Crozon - CMD Breizh | Nettoyage, Jardinage, Gestion",,,,,,,\N,\N,\N,\N,\N,1,,,,2026-07-10 11:29:36,\N
8b01b6b5-5654-44d9-896b-6b4a52226756,55e973c1-001b-5eb8-807d-c4cfbbcdeda7,833990ad-a299-5c71-9920-e5c332b32b9e,b70e6043-9494-480d-917a-a86bc04603a6,www.cmd.bzh,chrome,Mac OS,desktop,1930x1090,en,US,US-CA,Santa Clara,/,,,,,,,,,,"Conciergerie Presqu'île de Crozon - CMD Breizh | Nettoyage, Jardinage, Gestion",,,,,,,\N,\N,\N,\N,\N,1,,,,2026-07-10 11:35:06,\N
8b01b6b5-5654-44d9-896b-6b4a52226756,55e973c1-001b-5eb8-807d-c4cfbbcdeda7,833990ad-a299-5c71-9920-e5c332b32b9e,3b4facea-27ac-46b1-ad13-154d7691a77b,www.cmd.bzh,chrome,Mac OS,desktop,1930x1090,en,US,US-CA,Santa Clara,/,,,,,,,,,,"Conciergerie Presqu'île de Crozon - CMD Breizh | Nettoyage, Jardinage, Gestion",,,,,,,\N,\N,\N,\N,\N,1,,,,2026-07-10 11:35:43,\N
8b01b6b5-5654-44d9-896b-6b4a52226756,55e973c1-001b-5eb8-807d-c4cfbbcdeda7,833990ad-a299-5c71-9920-e5c332b32b9e,226a826c-2696-4870-96cd-1d0f018a3e1b,www.cmd.bzh,chrome,Mac OS,desktop,1930x1090,en,US,US-CA,Santa Clara,/,,,,,,,,,,"Conciergerie Presqu'île de Crozon - CMD Breizh | Nettoyage, Jardinage, Gestion",,,,,,,\N,\N,\N,\N,\N,1,,,,2026-07-10 11:43:54,\N
8b01b6b5-5654-44d9-896b-6b4a52226756,2dc5e8ea-d7fc-5aa4-b751-06da5c7ab93b,4fc88426-1469-5010-a59f-12936922de64,dca44557-d698-479a-8c40-6bc6b087a462,www.cmd.bzh,chrome,Mac OS,desktop,1930x1090,en,US,US-CA,Santa Clara,/,,,,,,,,,,"Conciergerie Presqu'île de Crozon - CMD Breizh | Nettoyage, Jardinage, Gestion",,,,,,,\N,\N,\N,\N,\N,1,,,,2026-07-10 11:49:40,\N
8b01b6b5-5654-44d9-896b-6b4a52226756,2dc5e8ea-d7fc-5aa4-b751-06da5c7ab93b,4fc88426-1469-5010-a59f-12936922de64,4e8a7727-defd-4d11-852f-d6b254abd17e,www.cmd.bzh,chrome,Mac OS,desktop,1930x1090,en,US,US-CA,Santa Clara,/,,,,,,,,,,"Conciergerie Presqu'île de Crozon - CMD Breizh | Nettoyage, Jardinage, Gestion",,,,,,,\N,\N,\N,\N,\N,1,,,,2026-07-10 11:59:11,\N
8b01b6b5-5654-44d9-896b-6b4a52226756,55e973c1-001b-5eb8-807d-c4cfbbcdeda7,c4a295b1-985f-5273-a54e-29e0d6fa57ee,ca0c81b6-6bb5-4600-bcc5-0f15d9cc8989,www.cmd.bzh,chrome,Mac OS,desktop,1930x1090,en,US,US-CA,Santa Clara,/,,,,,,,,,,"Conciergerie Presqu'île de Crozon - CMD Breizh | Nettoyage, Jardinage, Gestion",,,,,,,\N,\N,\N,\N,\N,1,,,,2026-07-10 12:15:33,\N
8b01b6b5-5654-44d9-896b-6b4a52226756,97969828-eb53-54e2-82c5-59604dfb84c8,587e1879-1de3-539e-b0a3-0441becf8c30,2c33cee2-4d25-402b-a39c-744ff3145f29,www.cmd.bzh,chrome,Windows 10,laptop,1366x768,fr-FR,FR,FR-BRE,Vannes,/,tab=Home,,,,,,/,,google.com,"Conciergerie Presqu'île de Crozon - CMD Breizh | Nettoyage, Jardinage, Gestion",,,,,,,\N,\N,\N,\N,\N,1,,,,2026-07-12 06:30:39,\N
8b01b6b5-5654-44d9-896b-6b4a52226756,23f37362-9423-50a3-a8ed-839d704df974,d88fe3fb-da50-5f96-ab31-0a372af00e81,a9cde3c4-18b9-4477-a00a-c68688491b15,www.cmd.bzh,firefox,Windows 10,laptop,800x600,en-US,FR,,,/,,,,,,,,,,"Conciergerie Presqu'île de Crozon - CMD Breizh | Nettoyage, Jardinage, Gestion",,,,,,,\N,\N,\N,\N,\N,1,,,,2026-07-14 07:49:04,\N
8b01b6b5-5654-44d9-896b-6b4a52226756,52d54cd1-3e89-5711-9984-9e12793f1d63,78e3edfa-526b-53bd-a683-072c5ce81525,519caf32-ea34-4819-a051-1c1ec0ed6ee0,www.cmd.bzh,chrome,Mac OS,laptop,1366x900,fr-FR,FR,FR-IDF,Paris,/,,,,,,,,,,"Conciergerie Presqu'île de Crozon - CMD Breizh | Nettoyage, Jardinage, Gestion",,,,,,,\N,\N,\N,\N,\N,1,,,,2026-07-15 17:24:13,\N
8b01b6b5-5654-44d9-896b-6b4a52226756,0c959f45-9d07-5a7d-8d60-f68fa39cd16a,9b824e47-068f-500b-8a5d-35ea0ccd9d62,4f4f9b83-0773-4b33-9169-6b0790e59eeb,www.cmd.bzh,chrome,Android OS,mobile,412x915,de-DE,FR,FR-BRE,Quimper,/,,,,,,,,,,"Conciergerie Presqu'île de Crozon - CMD Breizh | Nettoyage, Jardinage, Gestion",,,,,,,\N,\N,\N,\N,\N,1,,,,2026-07-17 10:03:53,\N
8b01b6b5-5654-44d9-896b-6b4a52226756,e0b0f22a-24f7-5c4d-91db-a3103e7bc14a,365125ee-2df8-5689-9cd1-25ce5cb13c22,4c0d01d7-6370-4d99-ac08-d8b803e925dc,www.cmd.bzh,chrome,Android OS,mobile,412x915,de-DE,FR,FR-BRE,Quimper,/,,,,,,,/,,google.com,"Conciergerie Presqu'île de Crozon - CMD Breizh | Nettoyage, Jardinage, Gestion",,,,,,,\N,\N,\N,\N,\N,1,,,,2026-07-17 10:35:14,\N
8b01b6b5-5654-44d9-896b-6b4a52226756,e0b0f22a-24f7-5c4d-91db-a3103e7bc14a,365125ee-2df8-5689-9cd1-25ce5cb13c22,6d8c264d-f3e6-4f3c-96d9-8b292de8bc2e,www.cmd.bzh,chrome,Android OS,mobile,412x915,de-DE,FR,FR-BRE,Quimper,/,tab=Reviews,,,,,,/,tab=Reviews,cmd.bzh,"Crozon Peninsula Concierge Services – CMD Breizh | Reinigung, Gartenpflege, Verwaltung",,,,,,,\N,\N,\N,\N,\N,1,,,,2026-07-17 10:35:43,\N
8b01b6b5-5654-44d9-896b-6b4a52226756,e0b0f22a-24f7-5c4d-91db-a3103e7bc14a,365125ee-2df8-5689-9cd1-25ce5cb13c22,eb70a1c8-20d1-4c7d-a01e-4962cfde98ac,www.cmd.bzh,chrome,Android OS,mobile,412x915,de-DE,FR,FR-BRE,Quimper,/,,,,,,,/,tab=Reviews,cmd.bzh,"Crozon Peninsula Concierge Services – CMD Breizh | Reinigung, Gartenpflege, Verwaltung",,,,,,,\N,\N,\N,\N,\N,1,,,,2026-07-17 10:35:47,\N
8b01b6b5-5654-44d9-896b-6b4a52226756,c2fa789c-cf60-5147-b52d-a4e5cf85f5f2,e710964b-109c-5e79-b38e-20b692227792,b1b0a807-2883-459a-ab02-13cf82b5947e,www.cmd.bzh,chrome,Android OS,mobile,360x800,fr-FR,FR,FR-BRE,Acigné,/,fbclid=IwY2xjawTJhntleHRuA2FlbQIxMQBzcnRjBmFwcF9pZAwzNTA2ODU1MzE3MjgAAR7TS7MyTuhFjMoWJJWeHrvMeWvVSaAn48XaEmmsjGtsNCsiSbDHxSdGJLTyhQ_aem_z7BBMjLEO3djml-0K5tIxQ,,,,,,/,,cmd.bzh,"Conciergerie Presqu'île de Crozon - CMD Breizh | Nettoyage, Jardinage, Gestion",,IwY2xjawTJhntleHRuA2FlbQIxMQBzcnRjBmFwcF9pZAwzNTA2ODU1MzE3MjgAAR7TS7MyTuhFjMoWJJWeHrvMeWvVSaAn48XaEmmsjGtsNCsiSbDHxSdGJLTyhQ_aem_z7BBMjLEO3djml-0K5tIxQ,,,,,\N,\N,\N,\N,\N,1,,,,2026-07-19 10:30:06,\N
8b01b6b5-5654-44d9-896b-6b4a52226756,72a3f70b-b9df-5d55-b59b-939d71bbf44d,5e7a044a-256a-5bac-b326-932df61c40b7,9e6540ce-13b0-4553-897d-9506ffa8718f,www.cmd.bzh,chrome,Android OS,mobile,360x800,fr-FR,FR,FR-PDL,Nantes,/,fbclid=IwZXh0bgNhZW0CMTEAc3J0YwZhcHBfaWQMMzUwNjg1NTMxNzI4AAEe00uzMk7oRYzKFiSVnh67zHlr1UmgJ-PF2hJprIxrbDQrIkmwx8UnRiS08oU_aem_z7BBMjLEO3djml-0K5tIxQ,,,,,,,,,"Conciergerie Presqu'île de Crozon - CMD Breizh | Nettoyage, Jardinage, Gestion",,IwZXh0bgNhZW0CMTEAc3J0YwZhcHBfaWQMMzUwNjg1NTMxNzI4AAEe00uzMk7oRYzKFiSVnh67zHlr1UmgJ-PF2hJprIxrbDQrIkmwx8UnRiS08oU_aem_z7BBMjLEO3djml-0K5tIxQ,,,,,\N,\N,\N,\N,\N,1,,,,2026-07-19 10:30:30,\N
8b01b6b5-5654-44d9-896b-6b4a52226756,c2fa789c-cf60-5147-b52d-a4e5cf85f5f2,e710964b-109c-5e79-b38e-20b692227792,a675e26d-0e10-4382-9f66-6acf2ba515fb,www.cmd.bzh,chrome,Android OS,mobile,360x800,fr-FR,FR,FR-BRE,Acigné,/,fbclid=IwY2xjawTJhntleHRuA2FlbQIxMQBzcnRjBmFwcF9pZAwzNTA2ODU1MzE3MjgAAR7TS7MyTuhFjMoWJJWeHrvMeWvVSaAn48XaEmmsjGtsNCsiSbDHxSdGJLTyhQ_aem_z7BBMjLEO3djml-0K5tIxQ&tab=About,,,,,,/,fbclid=IwY2xjawTJhntleHRuA2FlbQIxMQBzcnRjBmFwcF9pZAwzNTA2ODU1MzE3MjgAAR7TS7MyTuhFjMoWJJWeHrvMeWvVSaAn48XaEmmsjGtsNCsiSbDHxSdGJLTyhQ_aem_z7BBMjLEO3djml-0K5tIxQ&tab=About,cmd.bzh,"Conciergerie Presqu'île de Crozon - CMD Breizh | Nettoyage, Jardinage, Gestion",,IwY2xjawTJhntleHRuA2FlbQIxMQBzcnRjBmFwcF9pZAwzNTA2ODU1MzE3MjgAAR7TS7MyTuhFjMoWJJWeHrvMeWvVSaAn48XaEmmsjGtsNCsiSbDHxSdGJLTyhQ_aem_z7BBMjLEO3djml-0K5tIxQ,,,,,\N,\N,\N,\N,\N,1,,,,2026-07-19 10:30:48,\N
8b01b6b5-5654-44d9-896b-6b4a52226756,c2fa789c-cf60-5147-b52d-a4e5cf85f5f2,e710964b-109c-5e79-b38e-20b692227792,2e4cb131-18ff-45cc-bbfa-5a68f01d4434,www.cmd.bzh,chrome,Android OS,mobile,360x800,fr-FR,FR,FR-BRE,Acigné,/,fbclid=IwY2xjawTJhntleHRuA2FlbQIxMQBzcnRjBmFwcF9pZAwzNTA2ODU1MzE3MjgAAR7TS7MyTuhFjMoWJJWeHrvMeWvVSaAn48XaEmmsjGtsNCsiSbDHxSdGJLTyhQ_aem_z7BBMjLEO3djml-0K5tIxQ&tab=Home,,,,,,/,fbclid=IwY2xjawTJhntleHRuA2FlbQIxMQBzcnRjBmFwcF9pZAwzNTA2ODU1MzE3MjgAAR7TS7MyTuhFjMoWJJWeHrvMeWvVSaAn48XaEmmsjGtsNCsiSbDHxSdGJLTyhQ_aem_z7BBMjLEO3djml-0K5tIxQ&tab=Home,cmd.bzh,"Conciergerie Presqu'île de Crozon - CMD Breizh | Nettoyage, Jardinage, Gestion",,IwY2xjawTJhntleHRuA2FlbQIxMQBzcnRjBmFwcF9pZAwzNTA2ODU1MzE3MjgAAR7TS7MyTuhFjMoWJJWeHrvMeWvVSaAn48XaEmmsjGtsNCsiSbDHxSdGJLTyhQ_aem_z7BBMjLEO3djml-0K5tIxQ,,,,,\N,\N,\N,\N,\N,1,,,,2026-07-19 10:30:51,\N
8b01b6b5-5654-44d9-896b-6b4a52226756,c2fa789c-cf60-5147-b52d-a4e5cf85f5f2,e710964b-109c-5e79-b38e-20b692227792,7a0f68b6-aeca-4bd9-9bc0-61515be2d108,www.cmd.bzh,chrome,Android OS,mobile,360x800,fr-FR,FR,FR-BRE,Acigné,/,fbclid=IwY2xjawTJhntleHRuA2FlbQIxMQBzcnRjBmFwcF9pZAwzNTA2ODU1MzE3MjgAAR7TS7MyTuhFjMoWJJWeHrvMeWvVSaAn48XaEmmsjGtsNCsiSbDHxSdGJLTyhQ_aem_z7BBMjLEO3djml-0K5tIxQ&tab=About,,,,,,/,fbclid=IwY2xjawTJhntleHRuA2FlbQIxMQBzcnRjBmFwcF9pZAwzNTA2ODU1MzE3MjgAAR7TS7MyTuhFjMoWJJWeHrvMeWvVSaAn48XaEmmsjGtsNCsiSbDHxSdGJLTyhQ_aem_z7BBMjLEO3djml-0K5tIxQ&tab=About,cmd.bzh,"Conciergerie Presqu'île de Crozon - CMD Breizh | Nettoyage, Jardinage, Gestion",,IwY2xjawTJhntleHRuA2FlbQIxMQBzcnRjBmFwcF9pZAwzNTA2ODU1MzE3MjgAAR7TS7MyTuhFjMoWJJWeHrvMeWvVSaAn48XaEmmsjGtsNCsiSbDHxSdGJLTyhQ_aem_z7BBMjLEO3djml-0K5tIxQ,,,,,\N,\N,\N,\N,\N,1,,,,2026-07-19 10:31:11,\N
8b01b6b5-5654-44d9-896b-6b4a52226756,c2fa789c-cf60-5147-b52d-a4e5cf85f5f2,e710964b-109c-5e79-b38e-20b692227792,8aef58a5-8b45-4708-b5dc-cf045a4008c0,www.cmd.bzh,chrome,Android OS,mobile,360x800,fr-FR,FR,FR-BRE,Acigné,/,fbclid=IwY2xjawTJhntleHRuA2FlbQIxMQBzcnRjBmFwcF9pZAwzNTA2ODU1MzE3MjgAAR7TS7MyTuhFjMoWJJWeHrvMeWvVSaAn48XaEmmsjGtsNCsiSbDHxSdGJLTyhQ_aem_z7BBMjLEO3djml-0K5tIxQ&tab=Contact,,,,,,/,fbclid=IwY2xjawTJhntleHRuA2FlbQIxMQBzcnRjBmFwcF9pZAwzNTA2ODU1MzE3MjgAAR7TS7MyTuhFjMoWJJWeHrvMeWvVSaAn48XaEmmsjGtsNCsiSbDHxSdGJLTyhQ_aem_z7BBMjLEO3djml-0K5tIxQ&tab=Contact,cmd.bzh,"Conciergerie Presqu'île de Crozon - CMD Breizh | Nettoyage, Jardinage, Gestion",,IwY2xjawTJhntleHRuA2FlbQIxMQBzcnRjBmFwcF9pZAwzNTA2ODU1MzE3MjgAAR7TS7MyTuhFjMoWJJWeHrvMeWvVSaAn48XaEmmsjGtsNCsiSbDHxSdGJLTyhQ_aem_z7BBMjLEO3djml-0K5tIxQ,,,,,\N,\N,\N,\N,\N,1,,,,2026-07-19 10:31:13,\N
8b01b6b5-5654-44d9-896b-6b4a52226756,c2fa789c-cf60-5147-b52d-a4e5cf85f5f2,e710964b-109c-5e79-b38e-20b692227792,b8e3b107-e7d1-4180-8758-526ac89b0216,www.cmd.bzh,chrome,Android OS,mobile,360x800,fr-FR,FR,FR-BRE,Acigné,/,fbclid=IwY2xjawTJhntleHRuA2FlbQIxMQBzcnRjBmFwcF9pZAwzNTA2ODU1MzE3MjgAAR7TS7MyTuhFjMoWJJWeHrvMeWvVSaAn48XaEmmsjGtsNCsiSbDHxSdGJLTyhQ_aem_z7BBMjLEO3djml-0K5tIxQ&tab=About,,,,,,/,fbclid=IwY2xjawTJhntleHRuA2FlbQIxMQBzcnRjBmFwcF9pZAwzNTA2ODU1MzE3MjgAAR7TS7MyTuhFjMoWJJWeHrvMeWvVSaAn48XaEmmsjGtsNCsiSbDHxSdGJLTyhQ_aem_z7BBMjLEO3djml-0K5tIxQ&tab=Contact,cmd.bzh,"Conciergerie Presqu'île de Crozon - CMD Breizh | Nettoyage, Jardinage, Gestion",,IwY2xjawTJhntleHRuA2FlbQIxMQBzcnRjBmFwcF9pZAwzNTA2ODU1MzE3MjgAAR7TS7MyTuhFjMoWJJWeHrvMeWvVSaAn48XaEmmsjGtsNCsiSbDHxSdGJLTyhQ_aem_z7BBMjLEO3djml-0K5tIxQ,,,,,\N,\N,\N,\N,\N,1,,,,2026-07-19 10:31:18,\N
8b01b6b5-5654-44d9-896b-6b4a52226756,c2fa789c-cf60-5147-b52d-a4e5cf85f5f2,e710964b-109c-5e79-b38e-20b692227792,86bb800b-3414-4467-9383-770e0bb10cb8,www.cmd.bzh,chrome,Android OS,mobile,360x800,fr-FR,FR,FR-BRE,Acigné,/,fbclid=IwY2xjawTJhntleHRuA2FlbQIxMQBzcnRjBmFwcF9pZAwzNTA2ODU1MzE3MjgAAR7TS7MyTuhFjMoWJJWeHrvMeWvVSaAn48XaEmmsjGtsNCsiSbDHxSdGJLTyhQ_aem_z7BBMjLEO3djml-0K5tIxQ&tab=Reviews,,,,,,/,fbclid=IwY2xjawTJhntleHRuA2FlbQIxMQBzcnRjBmFwcF9pZAwzNTA2ODU1MzE3MjgAAR7TS7MyTuhFjMoWJJWeHrvMeWvVSaAn48XaEmmsjGtsNCsiSbDHxSdGJLTyhQ_aem_z7BBMjLEO3djml-0K5tIxQ&tab=Reviews,cmd.bzh,"Conciergerie Presqu'île de Crozon - CMD Breizh | Nettoyage, Jardinage, Gestion",,IwY2xjawTJhntleHRuA2FlbQIxMQBzcnRjBmFwcF9pZAwzNTA2ODU1MzE3MjgAAR7TS7MyTuhFjMoWJJWeHrvMeWvVSaAn48XaEmmsjGtsNCsiSbDHxSdGJLTyhQ_aem_z7BBMjLEO3djml-0K5tIxQ,,,,,\N,\N,\N,\N,\N,1,,,,2026-07-19 10:31:20,\N
8b01b6b5-5654-44d9-896b-6b4a52226756,4131d0d8-09e6-55fd-93cf-662fc2b8fcc0,404ef60a-bfc9-5960-bf28-e8162a583948,1024ab00-51e1-4e80-a3b9-b46b8138a018,www.cmd.bzh,samsung,Android OS,mobile,384x652,fa-IR,FR,FR-PDL,Nantes,/,fbclid=IwZXh0bgNhZW0CMTEAc3J0YwZhcHBfaWQMMzUwNjg1NTMxNzI4AAEe00uzMk7oRYzKFiSVnh67zHlr1UmgJ-PF2hJprIxrbDQrIkmwx8UnRiS08oU_aem_z7BBMjLEO3djml-0K5tIxQ,,,,,,,,,"Conciergerie Presqu'île de Crozon - CMD Breizh | Nettoyage, Jardinage, Gestion",,IwZXh0bgNhZW0CMTEAc3J0YwZhcHBfaWQMMzUwNjg1NTMxNzI4AAEe00uzMk7oRYzKFiSVnh67zHlr1UmgJ-PF2hJprIxrbDQrIkmwx8UnRiS08oU_aem_z7BBMjLEO3djml-0K5tIxQ,,,,,\N,\N,\N,\N,\N,1,,,,2026-07-19 10:31:48,\N
8b01b6b5-5654-44d9-896b-6b4a52226756,c2fa789c-cf60-5147-b52d-a4e5cf85f5f2,e710964b-109c-5e79-b38e-20b692227792,200f9957-9d38-4425-a28f-df8075b32964,www.cmd.bzh,chrome,Android OS,mobile,360x800,fr-FR,FR,FR-BRE,Acigné,/,fbclid=IwY2xjawTJhntleHRuA2FlbQIxMQBzcnRjBmFwcF9pZAwzNTA2ODU1MzE3MjgAAR7TS7MyTuhFjMoWJJWeHrvMeWvVSaAn48XaEmmsjGtsNCsiSbDHxSdGJLTyhQ_aem_z7BBMjLEO3djml-0K5tIxQ&tab=About,,,,,,/,fbclid=IwY2xjawTJhntleHRuA2FlbQIxMQBzcnRjBmFwcF9pZAwzNTA2ODU1MzE3MjgAAR7TS7MyTuhFjMoWJJWeHrvMeWvVSaAn48XaEmmsjGtsNCsiSbDHxSdGJLTyhQ_aem_z7BBMjLEO3djml-0K5tIxQ&tab=Reviews,cmd.bzh,"Conciergerie Presqu'île de Crozon - CMD Breizh | Nettoyage, Jardinage, Gestion",,IwY2xjawTJhntleHRuA2FlbQIxMQBzcnRjBmFwcF9pZAwzNTA2ODU1MzE3MjgAAR7TS7MyTuhFjMoWJJWeHrvMeWvVSaAn48XaEmmsjGtsNCsiSbDHxSdGJLTyhQ_aem_z7BBMjLEO3djml-0K5tIxQ,,,,,\N,\N,\N,\N,\N,1,,,,2026-07-19 10:33:58,\N
8b01b6b5-5654-44d9-896b-6b4a52226756,890d38ac-90a9-50cd-b097-e2594006b392,ea3c1403-64d8-55d9-872c-61c33d31e35d,6b9992f3-f2fc-48ac-ac14-9656fde3441a,www.cmd.bzh,edge-chromium,Windows 10,laptop,1536x960,fr,FR,FR-BRE,Carhaix-Plouguer,/,,,,,,,/,,google.com,"Conciergerie Presqu'île de Crozon - CMD Breizh | Nettoyage, Jardinage, Gestion",,,,,,,\N,\N,\N,\N,\N,1,,,,2026-07-19 12:29:17,\N
8b01b6b5-5654-44d9-896b-6b4a52226756,890d38ac-90a9-50cd-b097-e2594006b392,ea3c1403-64d8-55d9-872c-61c33d31e35d,f839519e-15d6-4490-bd61-e07debba9b49,www.cmd.bzh,edge-chromium,Windows 10,laptop,1536x960,fr,FR,FR-BRE,Carhaix-Plouguer,/,tab=About,,,,,,/,tab=About,cmd.bzh,"Conciergerie Presqu'île de Crozon - CMD Breizh | Nettoyage, Jardinage, Gestion",,,,,,,\N,\N,\N,\N,\N,1,,,,2026-07-19 12:30:06,\N
8b01b6b5-5654-44d9-896b-6b4a52226756,890d38ac-90a9-50cd-b097-e2594006b392,ea3c1403-64d8-55d9-872c-61c33d31e35d,a3af5aca-19b9-46cf-ac61-2afd3d6dba5b,www.cmd.bzh,edge-chromium,Windows 10,laptop,1536x960,fr,FR,FR-BRE,Carhaix-Plouguer,/,tab=Contact,,,,,,/,tab=Contact,cmd.bzh,"Conciergerie Presqu'île de Crozon - CMD Breizh | Nettoyage, Jardinage, Gestion",,,,,,,\N,\N,\N,\N,\N,1,,,,2026-07-19 12:31:35,\N
8b01b6b5-5654-44d9-896b-6b4a52226756,890d38ac-90a9-50cd-b097-e2594006b392,ea3c1403-64d8-55d9-872c-61c33d31e35d,3184c3c5-af9c-45bb-9a42-4ea87239e75d,www.cmd.bzh,edge-chromium,Windows 10,laptop,1536x960,fr,FR,FR-BRE,Carhaix-Plouguer,/,tab=Reviews,,,,,,/,tab=Reviews,cmd.bzh,"Conciergerie Presqu'île de Crozon - CMD Breizh | Nettoyage, Jardinage, Gestion",,,,,,,\N,\N,\N,\N,\N,1,,,,2026-07-19 12:31:42,\N
8b01b6b5-5654-44d9-896b-6b4a52226756,890d38ac-90a9-50cd-b097-e2594006b392,ea3c1403-64d8-55d9-872c-61c33d31e35d,4c26a88a-dfc6-4ea0-9d01-d304c8b52780,www.cmd.bzh,edge-chromium,Windows 10,laptop,1536x960,fr,FR,FR-BRE,Carhaix-Plouguer,/,tab=Contact,,,,,,/,tab=Contact,cmd.bzh,"Conciergerie Presqu'île de Crozon - CMD Breizh | Nettoyage, Jardinage, Gestion",,,,,,,\N,\N,\N,\N,\N,1,,,,2026-07-19 12:31:47,\N
8b01b6b5-5654-44d9-896b-6b4a52226756,b005d335-350c-5a77-b820-0c3f10b29ce8,8051d056-4494-574e-ac0f-e670bceb49ed,c4132e81-566f-4c2c-a352-62711585d9da,www.cmd.bzh,chrome,Windows 10,laptop,1366x768,fr-FR,DE,,,/,tab=Home,,,,,,/,,google.com,"Conciergerie Presqu'île de Crozon - CMD Breizh | Nettoyage, Jardinage, Gestion",,,,,,,\N,\N,\N,\N,\N,1,,,,2026-07-19 13:44:20,\N
8b01b6b5-5654-44d9-896b-6b4a52226756,9a7dbef3-95f3-5821-9a49-44343a6fce20,256a669c-50af-5dbc-9e23-2aadd82ab208,40814f7b-ad7c-49e2-b747-1673792954dd,www.cmd.bzh,chrome,Windows 10,laptop,800x600,en-US,FR,FR-IDF,Paris,/,,,,,,,,,,"Conciergerie Presqu'île de Crozon - CMD Breizh | Nettoyage, Jardinage, Gestion",,,,,,,\N,\N,\N,\N,\N,1,,,,2026-07-23 18:54:04,\N
8b01b6b5-5654-44d9-896b-6b4a52226756,9a7dbef3-95f3-5821-9a49-44343a6fce20,256a669c-50af-5dbc-9e23-2aadd82ab208,d77c8e71-f54e-4592-8d14-2e29440bfbcb,www.cmd.bzh,chrome,Windows 10,laptop,800x600,en-US,FR,FR-IDF,Paris,/,,,,,,,,,,"Conciergerie Presqu'île de Crozon - CMD Breizh | Nettoyage, Jardinage, Gestion",,,,,,,\N,\N,\N,\N,\N,1,,,,2026-07-23 18:55:22,\N
8b01b6b5-5654-44d9-896b-6b4a52226756,2f073ed9-bf8e-53d6-9e7a-eb8c1d6753a0,862cded7-583e-5153-acb0-4771398d837b,e0b3429b-452e-46b0-bd1c-7dde62bba018,www.cmd.bzh,facebook,iOS,mobile,390x844,fr-FR,FR,FR-IDF,Paris,/,fbclid=IwcGRvZgVmZGlkFlCy1rUyAGUf3zLGXsVlxieiVlrqGlFleHRuA2FlbQIxMQBzcnRjBmFwcF9pZAo2NjI4NTY4Mzc5AAEeOmbGc0wE7esDq0p2jyar_7w8kWnh-Lj7VGwy-5m9O72s9CojhUdalgutNlU_aem_AUMh9PHjNVZv9oKkGQ7SPw,,,,,,/,,facebook.com,"Conciergerie Presqu'île de Crozon - CMD Breizh | Nettoyage, Jardinage, Gestion",,IwcGRvZgVmZGlkFlCy1rUyAGUf3zLGXsVlxieiVlrqGlFleHRuA2FlbQIxMQBzcnRjBmFwcF9pZAo2NjI4NTY4Mzc5AAEeOmbGc0wE7esDq0p2jyar_7w8kWnh-Lj7VGwy-5m9O72s9CojhUdalgutNlU_aem_AUMh9PHjNVZv9oKkGQ7SPw,,,,,\N,\N,\N,\N,\N,1,,,,2026-07-24 14:12:03,\N
8b01b6b5-5654-44d9-896b-6b4a52226756,2f073ed9-bf8e-53d6-9e7a-eb8c1d6753a0,862cded7-583e-5153-acb0-4771398d837b,315b376d-80ef-41f7-86ed-46196690b04b,www.cmd.bzh,facebook,iOS,mobile,390x844,fr-FR,FR,FR-IDF,Paris,/,fbclid=IwcGRvZgVmZGlkFlCy1rUyAGUf3zLGXsVlxieiVlrqGlFleHRuA2FlbQIxMQBzcnRjBmFwcF9pZAo2NjI4NTY4Mzc5AAEeOmbGc0wE7esDq0p2jyar_7w8kWnh-Lj7VGwy-5m9O72s9CojhUdalgutNlU_aem_AUMh9PHjNVZv9oKkGQ7SPw&tab=About,,,,,,/,fbclid=IwcGRvZgVmZGlkFlCy1rUyAGUf3zLGXsVlxieiVlrqGlFleHRuA2FlbQIxMQBzcnRjBmFwcF9pZAo2NjI4NTY4Mzc5AAEeOmbGc0wE7esDq0p2jyar_7w8kWnh-Lj7VGwy-5m9O72s9CojhUdalgutNlU_aem_AUMh9PHjNVZv9oKkGQ7SPw&tab=About,cmd.bzh,"Conciergerie Presqu'île de Crozon - CMD Breizh | Nettoyage, Jardinage, Gestion",,IwcGRvZgVmZGlkFlCy1rUyAGUf3zLGXsVlxieiVlrqGlFleHRuA2FlbQIxMQBzcnRjBmFwcF9pZAo2NjI4NTY4Mzc5AAEeOmbGc0wE7esDq0p2jyar_7w8kWnh-Lj7VGwy-5m9O72s9CojhUdalgutNlU_aem_AUMh9PHjNVZv9oKkGQ7SPw,,,,,\N,\N,\N,\N,\N,1,,,,2026-07-24 14:12:22,\N
8b01b6b5-5654-44d9-896b-6b4a52226756,56d93727-9e15-57fe-8fcb-823e4edc6967,498222fd-0dd4-50ca-baf1-78747fae03cd,0f16e00d-cee0-46bf-8d1b-b15c93eaf89d,www.cmd.bzh,chrome,Windows 10,laptop,1280x720,en-US,US,US-CA,San Jose,/,,,,,,,,,,"Conciergerie Presqu'île de Crozon - CMD Breizh | Nettoyage, Jardinage, Gestion",,,,,,,\N,\N,\N,\N,\N,1,,,,2026-07-26 20:02:36,\N
8b01b6b5-5654-44d9-896b-6b4a52226756,67c7a44e-c565-5d59-b436-07176288ded2,60e5a6c7-0f24-5607-aa01-86f05ff55838,d30d970b-05f8-4728-b120-4b6e28ce75f8,www.cmd.bzh,chrome,Windows 10,laptop,1920x1080,en-US,DE,DE-SN,Falkenstein,/,,,,,,,,,,"Conciergerie Presqu'île de Crozon - CMD Breizh | Nettoyage, Jardinage, Gestion",,,,,,,\N,\N,\N,\N,\N,1,,,,2026-07-27 15:49:31,\N
8b01b6b5-5654-44d9-896b-6b4a52226756,412604f1-97b4-53ad-829a-1424e4c402ad,e97c4130-5ae6-518f-89df-845e9661fb45,13167cff-38a9-4e92-8376-12be93b4bf27,www.cmd.bzh,chrome,Linux,laptop,1920x1080,en-US,US,,,/,,,,,,,,,,"Conciergerie Presqu'île de Crozon - CMD Breizh | Nettoyage, Jardinage, Gestion",,,,,,,\N,\N,\N,\N,\N,1,,,,2026-07-27 15:49:54,\N
8b01b6b5-5654-44d9-896b-6b4a52226756,450b961f-2c66-5b4f-a3a0-f491b67f4f6e,6d6808b4-c4b7-5127-84fc-4185dcf59df4,092630db-742d-4dab-bf73-39940ddf1e32,www.cmd.bzh,chrome,Windows 10,laptop,1280x800,en-US,DE,DE-SN,Falkenstein,/,,,,,,,,,,"Conciergerie Presqu'île de Crozon - CMD Breizh | Nettoyage, Jardinage, Gestion",,,,,,,\N,\N,\N,\N,\N,1,,,,2026-07-27 15:50:13,\N
8b01b6b5-5654-44d9-896b-6b4a52226756,b04e316b-c854-50cc-ae49-b91c529ca596,4e767549-ab1b-5897-b351-2ef8d31f4282,98448b88-8a4a-40b1-8e41-5806182018ff,www.cmd.bzh,chrome,Android OS,mobile,384x832,fr-FR,FR,FR-NOR,Évreux,/,,,,,,,/,,google.com,"Conciergerie Presqu'île de Crozon - CMD Breizh | Nettoyage, Jardinage, Gestion",,,,,,,\N,\N,\N,\N,\N,1,,,,2026-07-27 19:54:06,\N
8b01b6b5-5654-44d9-896b-6b4a52226756,b04e316b-c854-50cc-ae49-b91c529ca596,4e767549-ab1b-5897-b351-2ef8d31f4282,4bd3dc55-03d0-486f-a4a4-303abaf50b8a,www.cmd.bzh,chrome,Android OS,mobile,384x832,fr-FR,FR,FR-NOR,Évreux,/,tab=About,,,,,,/,tab=About,cmd.bzh,"Conciergerie Presqu'île de Crozon - CMD Breizh | Nettoyage, Jardinage, Gestion",,,,,,,\N,\N,\N,\N,\N,1,,,,2026-07-27 19:54:11,\N
8b01b6b5-5654-44d9-896b-6b4a52226756,b04e316b-c854-50cc-ae49-b91c529ca596,4e767549-ab1b-5897-b351-2ef8d31f4282,de62082a-34f9-4d25-9a7e-c437408afcdb,www.cmd.bzh,chrome,Android OS,mobile,384x832,fr-FR,FR,FR-NOR,Évreux,/,tab=Home,,,,,,/,tab=Home,cmd.bzh,"Conciergerie Presqu'île de Crozon - CMD Breizh | Nettoyage, Jardinage, Gestion",,,,,,,\N,\N,\N,\N,\N,1,,,,2026-07-27 19:54:28,\N
8b01b6b5-5654-44d9-896b-6b4a52226756,b04e316b-c854-50cc-ae49-b91c529ca596,4e767549-ab1b-5897-b351-2ef8d31f4282,3af3565a-1c7a-488e-bf92-d6926ae5e104,www.cmd.bzh,chrome,Android OS,mobile,384x832,fr-FR,FR,FR-NOR,Évreux,/,tab=Contact,,,,,,/,tab=Contact,cmd.bzh,"Conciergerie Presqu'île de Crozon - CMD Breizh | Nettoyage, Jardinage, Gestion",,,,,,,\N,\N,\N,\N,\N,1,,,,2026-07-27 19:55:05,\N
8b01b6b5-5654-44d9-896b-6b4a52226756,e3dc06b2-1533-5c67-b2a4-6b7661613f78,932a4de2-f2ad-53cc-813c-a12e692da9f6,ce931568-8b11-4727-814d-5f05fdd5adcd,www.cmd.bzh,opera,Windows 10,laptop,800x600,en-US,FR,,,/,,,,,,,,,,"Conciergerie Presqu'île de Crozon - CMD Breizh | Nettoyage, Jardinage, Gestion",,,,,,,\N,\N,\N,\N,\N,1,,,,2026-07-28 02:52:07,\N
8b01b6b5-5654-44d9-896b-6b4a52226756,d9cb3d63-501d-5d82-b542-2dab40537c88,d22448f2-e587-579c-b0c1-bf0d8e2f3605,120801d5-4369-4ffb-878f-97b412870262,www.cmd.bzh,chrome,Windows 10,laptop,1920x1080,en-US,SG,,Singapore,/,,,,,,,,,,"Conciergerie Presqu'île de Crozon - CMD Breizh | Nettoyage, Jardinage, Gestion",,,,,,,\N,\N,\N,\N,\N,1,,,,2026-07-30 18:29:41,\N
8b01b6b5-5654-44d9-896b-6b4a52226756,7360c40d-f8cd-5272-8b46-6930c1e7a549,1230ba0d-8eac-5a28-905a-1b70bca38b56,5f3aec6b-5f93-46c8-be71-8ca1f849fe69,www.cmd.bzh,ios,iOS,mobile,393x852,fr-FR,FR,,,/,,,,,,,/,,google.com,"Conciergerie Presqu'île de Crozon - CMD Breizh | Nettoyage, Jardinage, Gestion",,,,,,,\N,\N,\N,\N,\N,1,,,,2026-07-31 09:36:24,\N
8b01b6b5-5654-44d9-896b-6b4a52226756,7360c40d-f8cd-5272-8b46-6930c1e7a549,1230ba0d-8eac-5a28-905a-1b70bca38b56,48278a83-af23-4830-a988-ca970291e9ad,www.cmd.bzh,ios,iOS,mobile,393x852,fr-FR,FR,,,/,tab=About,,,,,,/,tab=About,cmd.bzh,"Conciergerie Presqu'île de Crozon - CMD Breizh | Nettoyage, Jardinage, Gestion",,,,,,,\N,\N,\N,\N,\N,1,,,,2026-07-31 09:36:46,\N
8b01b6b5-5654-44d9-896b-6b4a52226756,b1212031-c675-5257-8df4-cefb4451a11e,3b875d9b-1d6c-5af3-881f-977eb59921d8,11cdaaf2-5ee2-4d1f-aafb-0821f08bc865,www.cmd.bzh,chrome,Linux,laptop,1536x960,en-US,FR,,,/,,,,,,,/,,google.com,"Conciergerie Presqu'île de Crozon - CMD Breizh | Nettoyage, Jardinage, Gestion",,,,,,,\N,\N,\N,\N,\N,1,,,,2026-09-05 18:29:51,\N
8b01b6b5-5654-44d9-896b-6b4a52226756,b1212031-c675-5257-8df4-cefb4451a11e,3b875d9b-1d6c-5af3-881f-977eb59921d8,68630d66-c377-4333-bd08-571610647eba,www.cmd.bzh,chrome,Linux,laptop,1536x960,en-US,FR,,,/,,,,,,,/,,google.com,"Conciergerie Presqu'île de Crozon - CMD Breizh | Nettoyage, Jardinage, Gestion",,,,,,,\N,\N,\N,\N,\N,1,,,,2026-09-05 18:31:45,\N
8b01b6b5-5654-44d9-896b-6b4a52226756,b1212031-c675-5257-8df4-cefb4451a11e,3b875d9b-1d6c-5af3-881f-977eb59921d8,ffa319ae-63f8-416f-a2dc-1bb63a470f15,www.cmd.bzh,chrome,Linux,laptop,1536x960,en-US,FR,,,/,tab=Home,,,,,,/,tab=Home,,"Conciergerie Presqu'île de Crozon - CMD Breizh | Nettoyage, Jardinage, Gestion",,,,,,,\N,\N,\N,\N,\N,1,,,,2026-09-05 18:31:49,\N
8b01b6b5-5654-44d9-896b-6b4a52226756,b1212031-c675-5257-8df4-cefb4451a11e,3b875d9b-1d6c-5af3-881f-977eb59921d8,89f582ca-8817-4ad1-b6a1-6aed62c901e7,www.cmd.bzh,chrome,Linux,laptop,1536x960,en-US,FR,,,/,tab=About,,,,,,/,tab=About,,"Conciergerie Presqu'île de Crozon - CMD Breizh | Nettoyage, Jardinage, Gestion",,,,,,,\N,\N,\N,\N,\N,1,,,,2026-09-05 18:31:52,\N
8b01b6b5-5654-44d9-896b-6b4a52226756,b1212031-c675-5257-8df4-cefb4451a11e,3b875d9b-1d6c-5af3-881f-977eb59921d8,d7cfd4cf-4965-4b4b-972f-12523859b62b,www.cmd.bzh,chrome,Linux,laptop,1536x960,en-US,FR,,,/,tab=Home,,,,,,/,tab=Home,,"Conciergerie Presqu'île de Crozon - CMD Breizh | Nettoyage, Jardinage, Gestion",,,,,,,\N,\N,\N,\N,\N,1,,,,2026-09-05 18:31:59,\N
8b01b6b5-5654-44d9-896b-6b4a52226756,b1212031-c675-5257-8df4-cefb4451a11e,3b875d9b-1d6c-5af3-881f-977eb59921d8,fc087ddf-6f75-450d-8ad2-4674b30e0a72,www.cmd.bzh,chrome,Linux,laptop,1536x960,en-US,FR,,,/,tab=Reviews,,,,,,/,tab=Reviews,,"Conciergerie Presqu'île de Crozon - CMD Breizh | Nettoyage, Jardinage, Gestion",,,,,,,\N,\N,\N,\N,\N,1,,,,2026-09-05 18:32:01,\N
8b01b6b5-5654-44d9-896b-6b4a52226756,b1212031-c675-5257-8df4-cefb4451a11e,3b875d9b-1d6c-5af3-881f-977eb59921d8,b9fe89b9-5b18-4de7-bfed-04053db29b2a,www.cmd.bzh,chrome,Linux,laptop,1536x960,en-US,FR,,,/,tab=Contact,,,,,,/,tab=Contact,,"Conciergerie Presqu'île de Crozon - CMD Breizh | Nettoyage, Jardinage, Gestion",,,,,,,\N,\N,\N,\N,\N,1,,,,2026-09-05 18:32:06,\N
8b01b6b5-5654-44d9-896b-6b4a52226756,b1212031-c675-5257-8df4-cefb4451a11e,3b875d9b-1d6c-5af3-881f-977eb59921d8,cc6f26f3-07c0-489e-9730-e8bfa1a49276,www.cmd.bzh,chrome,Linux,laptop,1536x960,en-US,FR,,,/,tab=Reviews,,,,,,/,tab=Reviews,,"Conciergerie Presqu'île de Crozon - CMD Breizh | Nettoyage, Jardinage, Gestion",,,,,,,\N,\N,\N,\N,\N,1,,,,2026-09-05 18:32:08,\N
8b01b6b5-5654-44d9-896b-6b4a52226756,b1212031-c675-5257-8df4-cefb4451a11e,3b875d9b-1d6c-5af3-881f-977eb59921d8,33d2683f-12b8-4cb2-aeea-876be5991b57,www.cmd.bzh,chrome,Linux,laptop,1536x960,en-US,FR,,,/,tab=Contact,,,,,,/,tab=Contact,,"Conciergerie Presqu'île de Crozon - CMD Breizh | Nettoyage, Jardinage, Gestion",,,,,,,\N,\N,\N,\N,\N,1,,,,2026-09-05 18:32:11,\N
8b01b6b5-5654-44d9-896b-6b4a52226756,b1212031-c675-5257-8df4-cefb4451a11e,3b875d9b-1d6c-5af3-881f-977eb59921d8,098af8d3-b274-4a7a-b703-ee3ca077ec4b,www.cmd.bzh,chrome,Linux,laptop,1536x960,en-US,FR,,,/,tab=Reviews,,,,,,/,tab=Reviews,,"Conciergerie Presqu'île de Crozon - CMD Breizh | Nettoyage, Jardinage, Gestion",,,,,,,\N,\N,\N,\N,\N,1,,,,2026-09-05 18:32:15,\N
8b01b6b5-5654-44d9-896b-6b4a52226756,b1212031-c675-5257-8df4-cefb4451a11e,3b875d9b-1d6c-5af3-881f-977eb59921d8,bb078219-e07d-4d5d-b1d7-3c1291a08a71,www.cmd.bzh,chrome,Linux,laptop,1536x960,en-US,FR,,,/,tab=Contact,,,,,,/,tab=Contact,,"Conciergerie Presqu'île de Crozon - CMD Breizh | Nettoyage, Jardinage, Gestion",,,,,,,\N,\N,\N,\N,\N,1,,,,2026-09-05 18:32:18,\N
8b01b6b5-5654-44d9-896b-6b4a52226756,b1212031-c675-5257-8df4-cefb4451a11e,3b875d9b-1d6c-5af3-881f-977eb59921d8,e7f0ffe1-f038-474b-b499-ecabfd5b5c8f,www.cmd.bzh,chrome,Linux,laptop,1536x960,en-US,FR,,,/,tab=Reviews,,,,,,/,tab=Reviews,,"Conciergerie Presqu'île de Crozon - CMD Breizh | Nettoyage, Jardinage, Gestion",,,,,,,\N,\N,\N,\N,\N,1,,,,2026-09-05 18:32:20,\N
8b01b6b5-5654-44d9-896b-6b4a52226756,b1212031-c675-5257-8df4-cefb4451a11e,3b875d9b-1d6c-5af3-881f-977eb59921d8,7882e28f-854a-4623-b84d-4821c77f52e3,www.cmd.bzh,chrome,Linux,laptop,1536x960,en-US,FR,,,/,tab=Contact,,,,,,/,tab=Contact,,"Conciergerie Presqu'île de Crozon - CMD Breizh | Nettoyage, Jardinage, Gestion",,,,,,,\N,\N,\N,\N,\N,1,,,,2026-09-05 18:32:22,\N
8b01b6b5-5654-44d9-896b-6b4a52226756,b1212031-c675-5257-8df4-cefb4451a11e,3b875d9b-1d6c-5af3-881f-977eb59921d8,1cc3659d-21aa-43c3-82ba-5ab9ea7e317c,www.cmd.bzh,chrome,Linux,laptop,1536x960,en-US,FR,,,/,tab=Reviews,,,,,,/,tab=Reviews,,"Conciergerie Presqu'île de Crozon - CMD Breizh | Nettoyage, Jardinage, Gestion",,,,,,,\N,\N,\N,\N,\N,1,,,,2026-09-05 18:32:24,\N
8b01b6b5-5654-44d9-896b-6b4a52226756,b1212031-c675-5257-8df4-cefb4451a11e,3b875d9b-1d6c-5af3-881f-977eb59921d8,b574269a-6a0c-40e0-a409-a0a377310187,www.cmd.bzh,chrome,Linux,laptop,1536x960,en-US,FR,,,/,tab=Contact,,,,,,/,tab=Contact,,"Conciergerie Presqu'île de Crozon - CMD Breizh | Nettoyage, Jardinage, Gestion",,,,,,,\N,\N,\N,\N,\N,1,,,,2026-09-05 18:32:29,\N
8b01b6b5-5654-44d9-896b-6b4a52226756,b1212031-c675-5257-8df4-cefb4451a11e,3b875d9b-1d6c-5af3-881f-977eb59921d8,394a5bee-9e6e-4b5d-a246-47c14f6afcb9,www.cmd.bzh,chrome,Linux,laptop,1536x960,en-US,FR,,,/,tab=Contact,,,,,,/,,google.com,"Conciergerie Presqu'île de Crozon - CMD Breizh | Nettoyage, Jardinage, Gestion",,,,,,,\N,\N,\N,\N,\N,1,,,,2026-09-05 18:40:07,\N
8b01b6b5-5654-44d9-896b-6b4a52226756,b1212031-c675-5257-8df4-cefb4451a11e,3b875d9b-1d6c-5af3-881f-977eb59921d8,51af4252-95f1-44c8-abcf-7d3590c0bfb4,www.cmd.bzh,chrome,Linux,laptop,1536x960,en-US,FR,,,/,tab=About,,,,,,/,tab=About,,"Conciergerie Presqu'île de Crozon - CMD Breizh | Nettoyage, Jardinage, Gestion",,,,,,,\N,\N,\N,\N,\N,1,,,,2026-09-05 18:40:27,\N
8b01b6b5-5654-44d9-896b-6b4a52226756,b1212031-c675-5257-8df4-cefb4451a11e,3b875d9b-1d6c-5af3-881f-977eb59921d8,6ffda4c6-35ef-4be8-b45b-58e2f14a4cce,www.cmd.bzh,chrome,Linux,laptop,1536x960,en-US,FR,,,/,tab=Home,,,,,,/,tab=Home,,"Conciergerie Presqu'île de Crozon - CMD Breizh | Nettoyage, Jardinage, Gestion",,,,,,,\N,\N,\N,\N,\N,1,,,,2026-09-05 18:45:55,\N
8b01b6b5-5654-44d9-896b-6b4a52226756,b1212031-c675-5257-8df4-cefb4451a11e,3b875d9b-1d6c-5af3-881f-977eb59921d8,3cbed41f-4c3f-4735-bb95-8e88d03487f0,www.cmd.bzh,chrome,Linux,laptop,1536x960,en-US,FR,,,/,tab=Contact,,,,,,/,tab=Contact,,"Conciergerie Presqu'île de Crozon - CMD Breizh | Nettoyage, Jardinage, Gestion",,,,,,,\N,\N,\N,\N,\N,1,,,,2026-09-05 18:46:03,\N
8b01b6b5-5654-44d9-896b-6b4a52226756,b1212031-c675-5257-8df4-cefb4451a11e,3b875d9b-1d6c-5af3-881f-977eb59921d8,896a0b00-30f0-4d5d-8a06-3dd5332f2d92,www.cmd.bzh,chrome,Linux,laptop,1536x960,en-US,FR,,,/,tab=Reviews,,,,,,/,tab=Reviews,,"Conciergerie Presqu'île de Crozon - CMD Breizh | Nettoyage, Jardinage, Gestion",,,,,,,\N,\N,\N,\N,\N,1,,,,2026-09-05 18:46:05,\N
8b01b6b5-5654-44d9-896b-6b4a52226756,b1212031-c675-5257-8df4-cefb4451a11e,3b875d9b-1d6c-5af3-881f-977eb59921d8,cabb026d-f07c-4f75-be6c-6041e6e5157a,www.cmd.bzh,chrome,Linux,laptop,1536x960,en-US,FR,,,/,tab=Home,,,,,,/,tab=Home,,"Conciergerie Presqu'île de Crozon - CMD Breizh | Nettoyage, Jardinage, Gestion",,,,,,,\N,\N,\N,\N,\N,1,,,,2026-09-05 18:46:09,\N
8b01b6b5-5654-44d9-896b-6b4a52226756,b1212031-c675-5257-8df4-cefb4451a11e,3b875d9b-1d6c-5af3-881f-977eb59921d8,3c50a564-fe18-49ab-821b-567c7859147e,www.cmd.bzh,chrome,Linux,laptop,1536x960,en-US,FR,,,/,tab=Contact,,,,,,,,,"Conciergerie Presqu'île de Crozon - CMD Breizh | Nettoyage, Jardinage, Gestion",,,,,,,\N,\N,\N,\N,\N,1,,,,2026-09-05 18:47:15,\N
8b01b6b5-5654-44d9-896b-6b4a52226756,b1212031-c675-5257-8df4-cefb4451a11e,3b875d9b-1d6c-5af3-881f-977eb59921d8,afd15b8b-8561-46da-884d-4c591283b7d7,www.cmd.bzh,chrome,Linux,laptop,1536x960,en-US,FR,,,/,tab=Home,,,,,,/,tab=Home,,"Conciergerie Presqu'île de Crozon - CMD Breizh | Nettoyage, Jardinage, Gestion",,,,,,,\N,\N,\N,\N,\N,1,,,,2026-09-05 18:47:23,\N
8b01b6b5-5654-44d9-896b-6b4a52226756,b1212031-c675-5257-8df4-cefb4451a11e,3b875d9b-1d6c-5af3-881f-977eb59921d8,f9e0c02f-6409-4d81-98af-36df5c99e647,www.cmd.bzh,chrome,Linux,laptop,1536x960,en-US,FR,,,/,tab=About,,,,,,/,tab=About,,"Conciergerie Presqu'île de Crozon - CMD Breizh | Nettoyage, Jardinage, Gestion",,,,,,,\N,\N,\N,\N,\N,1,,,,2026-09-05 18:47:25,\N
8b01b6b5-5654-44d9-896b-6b4a52226756,b1212031-c675-5257-8df4-cefb4451a11e,3b875d9b-1d6c-5af3-881f-977eb59921d8,469a8f86-b8f8-465b-9de3-047e9a16a34e,www.cmd.bzh,chrome,Linux,laptop,1536x960,en-US,FR,,,/,tab=About,,,,,,,,,"Conciergerie Presqu'île de Crozon - CMD Breizh | Nettoyage, Jardinage, Gestion",,,,,,,\N,\N,\N,\N,\N,1,,,,2026-09-05 18:53:21,\N
8b01b6b5-5654-44d9-896b-6b4a52226756,60bd745a-7b8b-581f-9982-9e2fc10b873e,71cfbc58-0dff-5af7-b84d-a38e24248048,f2789795-76a2-4cdf-aaf2-7b3d4ba80310,www.cmd.bzh,chrome,Linux,laptop,1536x960,en-US,FR,,,/about,,,,,,,/,,,À propos de CMD Breizh | Conciergerie Presqu'île de Crozon,,,,,,,\N,\N,\N,\N,\N,1,,,,2026-09-06 16:57:23,\N
8b01b6b5-5654-44d9-896b-6b4a52226756,60bd745a-7b8b-581f-9982-9e2fc10b873e,71cfbc58-0dff-5af7-b84d-a38e24248048,4536cee8-098d-4b34-abae-c32001b016c6,www.cmd.bzh,chrome,Linux,laptop,1536x960,en-US,FR,,,/,,,,,,,,,,"Conciergerie Presqu'île de Crozon - CMD Breizh | Nettoyage, Jardinage, Gestion",,,,,,,\N,\N,\N,\N,\N,1,,,,2026-09-06 16:57:23,\N
8b01b6b5-5654-44d9-896b-6b4a52226756,60bd745a-7b8b-581f-9982-9e2fc10b873e,71cfbc58-0dff-5af7-b84d-a38e24248048,896ca4c8-44c7-439b-8d74-de1b1695e4c7,www.cmd.bzh,chrome,Linux,laptop,1536x960,en-US,FR,,,/contact,,,,,,,/about,,,Contactez CMD Breizh | Conciergerie Presqu'île de Crozon,,,,,,,\N,\N,\N,\N,\N,1,,,,2026-09-06 16:57:24,\N
8b01b6b5-5654-44d9-896b-6b4a52226756,60bd745a-7b8b-581f-9982-9e2fc10b873e,71cfbc58-0dff-5af7-b84d-a38e24248048,ba48452c-f17c-499b-a2de-3db349bf70e9,www.cmd.bzh,chrome,Linux,laptop,1536x960,en-US,FR,,,/about,,,,,,,/contact,,,À propos de CMD Breizh | Conciergerie Presqu'île de Crozon,,,,,,,\N,\N,\N,\N,\N,1,,,,2026-09-06 16:57:26,\N
8b01b6b5-5654-44d9-896b-6b4a52226756,60bd745a-7b8b-581f-9982-9e2fc10b873e,71cfbc58-0dff-5af7-b84d-a38e24248048,3e1f3692-91e4-4d44-88df-4f629dce36b3,www.cmd.bzh,chrome,Linux,laptop,1536x960,en-US,FR,,,/reviews,,,,,,,/about,,,Avis clients CMD Breizh | Conciergerie Presqu'île de Crozon,,,,,,,\N,\N,\N,\N,\N,1,,,,2026-09-06 16:57:34,\N
8b01b6b5-5654-44d9-896b-6b4a52226756,60bd745a-7b8b-581f-9982-9e2fc10b873e,71cfbc58-0dff-5af7-b84d-a38e24248048,f62207aa-5c91-427a-b02c-ef86d0fcfecc,www.cmd.bzh,chrome,Linux,laptop,1536x960,en-US,FR,,,/contact,,,,,,,/reviews,,,Contactez CMD Breizh | Conciergerie Presqu'île de Crozon,,,,,,,\N,\N,\N,\N,\N,1,,,,2026-09-06 16:57:41,\N
8b01b6b5-5654-44d9-896b-6b4a52226756,60bd745a-7b8b-581f-9982-9e2fc10b873e,71cfbc58-0dff-5af7-b84d-a38e24248048,94951719-6a18-4336-983e-ef4073d9bc52,www.cmd.bzh,chrome,Linux,laptop,1536x960,en-US,FR,,,/about,,,,,,,/contact,,,À propos de CMD Breizh | Conciergerie Presqu'île de Crozon,,,,,,,\N,\N,\N,\N,\N,1,,,,2026-09-06 16:57:43,\N
8b01b6b5-5654-44d9-896b-6b4a52226756,60bd745a-7b8b-581f-9982-9e2fc10b873e,71cfbc58-0dff-5af7-b84d-a38e24248048,ad26402f-d900-42c2-9903-6e474f9cabc4,www.cmd.bzh,chrome,Linux,laptop,1536x960,en-US,FR,,,/,,,,,,,/about,,,"Conciergerie Presqu'île de Crozon - CMD Breizh | Nettoyage, Jardinage, Gestion",,,,,,,\N,\N,\N,\N,\N,1,,,,2026-09-06 16:57:44,\N
8b01b6b5-5654-44d9-896b-6b4a52226756,60bd745a-7b8b-581f-9982-9e2fc10b873e,71cfbc58-0dff-5af7-b84d-a38e24248048,1a2a9b81-04ea-4384-abc4-73fa3bea37ca,www.cmd.bzh,chrome,Linux,laptop,1536x960,en-US,FR,,,/about,,,,,,,/,,,À propos de CMD Breizh | Conciergerie Presqu'île de Crozon,,,,,,,\N,\N,\N,\N,\N,1,,,,2026-09-06 16:57:45,\N
8b01b6b5-5654-44d9-896b-6b4a52226756,60bd745a-7b8b-581f-9982-9e2fc10b873e,71cfbc58-0dff-5af7-b84d-a38e24248048,e1693462-4b96-4ce3-865d-bc52f4ae1b8b,www.cmd.bzh,chrome,Linux,laptop,1536x960,en-US,FR,,,/contact,,,,,,,/about,,,Contactez CMD Breizh | Conciergerie Presqu'île de Crozon,,,,,,,\N,\N,\N,\N,\N,1,,,,2026-09-06 16:57:47,\N
8b01b6b5-5654-44d9-896b-6b4a52226756,60bd745a-7b8b-581f-9982-9e2fc10b873e,71cfbc58-0dff-5af7-b84d-a38e24248048,7aaf3ad1-87e6-4ff8-9bcf-7dd353529149,www.cmd.bzh,chrome,Linux,laptop,1536x960,en-US,FR,,,/reviews,,,,,,,/contact,,,Avis clients CMD Breizh | Conciergerie Presqu'île de Crozon,,,,,,,\N,\N,\N,\N,\N,1,,,,2026-09-06 16:57:48,\N
8b01b6b5-5654-44d9-896b-6b4a52226756,60bd745a-7b8b-581f-9982-9e2fc10b873e,71cfbc58-0dff-5af7-b84d-a38e24248048,47eb194d-1a28-4a7f-96a7-d102f9659b76,www.cmd.bzh,chrome,Linux,laptop,1536x960,en-US,FR,,,/contact,,,,,,,/reviews,,,Contactez CMD Breizh | Conciergerie Presqu'île de Crozon,,,,,,,\N,\N,\N,\N,\N,1,,,,2026-09-06 16:57:51,\N
8b01b6b5-5654-44d9-896b-6b4a52226756,60bd745a-7b8b-581f-9982-9e2fc10b873e,71cfbc58-0dff-5af7-b84d-a38e24248048,7cf5fd0e-1b81-43de-ad8f-e75e65650610,www.cmd.bzh,chrome,Linux,laptop,1536x960,en-US,FR,,,/reviews,,,,,,,/contact,,,Avis clients CMD Breizh | Conciergerie Presqu'île de Crozon,,,,,,,\N,\N,\N,\N,\N,1,,,,2026-09-06 16:57:53,\N
8b01b6b5-5654-44d9-896b-6b4a52226756,60bd745a-7b8b-581f-9982-9e2fc10b873e,71cfbc58-0dff-5af7-b84d-a38e24248048,44900dac-7e14-4cc9-b682-ed37a496b11c,www.cmd.bzh,chrome,Linux,laptop,1536x960,en-US,FR,,,/contact,,,,,,,/reviews,,,Contactez CMD Breizh | Conciergerie Presqu'île de Crozon,,,,,,,\N,\N,\N,\N,\N,1,,,,2026-09-06 16:57:55,\N
8b01b6b5-5654-44d9-896b-6b4a52226756,60bd745a-7b8b-581f-9982-9e2fc10b873e,71cfbc58-0dff-5af7-b84d-a38e24248048,eea468c8-52e8-4cac-a0f0-caa436c26890,www.cmd.bzh,chrome,Linux,laptop,1536x960,en-US,FR,,,/reviews,,,,,,,/contact,,,Avis clients CMD Breizh | Conciergerie Presqu'île de Crozon,,,,,,,\N,\N,\N,\N,\N,1,,,,2026-09-06 16:57:56,\N
8b01b6b5-5654-44d9-896b-6b4a52226756,60bd745a-7b8b-581f-9982-9e2fc10b873e,71cfbc58-0dff-5af7-b84d-a38e24248048,6f602961-95f1-4ff0-bbec-b31ede3a0b12,www.cmd.bzh,chrome,Linux,laptop,1536x960,en-US,FR,,,/contact,,,,,,,/reviews,,,Contactez CMD Breizh | Conciergerie Presqu'île de Crozon,,,,,,,\N,\N,\N,\N,\N,1,,,,2026-09-06 16:57:58,\N
8b01b6b5-5654-44d9-896b-6b4a52226756,60bd745a-7b8b-581f-9982-9e2fc10b873e,71cfbc58-0dff-5af7-b84d-a38e24248048,bc804a9d-4387-4a66-aac3-091f2739b4ea,www.cmd.bzh,chrome,Linux,laptop,1536x960,en-US,FR,,,/reviews,,,,,,,/contact,,,Avis clients CMD Breizh | Conciergerie Presqu'île de Crozon,,,,,,,\N,\N,\N,\N,\N,1,,,,2026-09-06 16:58:00,\N
8b01b6b5-5654-44d9-896b-6b4a52226756,60bd745a-7b8b-581f-9982-9e2fc10b873e,71cfbc58-0dff-5af7-b84d-a38e24248048,1edc24ee-5f99-4a30-9ec6-9ea145b9f02b,www.cmd.bzh,chrome,Linux,laptop,1536x960,en-US,FR,,,/contact,,,,,,,/reviews,,,Contactez CMD Breizh | Conciergerie Presqu'île de Crozon,,,,,,,\N,\N,\N,\N,\N,1,,,,2026-09-06 16:58:02,\N
8b01b6b5-5654-44d9-896b-6b4a52226756,60bd745a-7b8b-581f-9982-9e2fc10b873e,71cfbc58-0dff-5af7-b84d-a38e24248048,670ad894-0c82-451e-984a-dbc1de8cceb3,www.cmd.bzh,chrome,Linux,laptop,1536x960,en-US,FR,,,/about,,,,,,,/contact,,,À propos de CMD Breizh | Conciergerie Presqu'île de Crozon,,,,,,,\N,\N,\N,\N,\N,1,,,,2026-09-06 16:58:04,\N
8b01b6b5-5654-44d9-896b-6b4a52226756,60bd745a-7b8b-581f-9982-9e2fc10b873e,71cfbc58-0dff-5af7-b84d-a38e24248048,56b27c31-aaf7-493a-b261-6346856d42be,www.cmd.bzh,chrome,Linux,laptop,1536x960,en-US,FR,,,/,,,,,,,/about,,,"Conciergerie Presqu'île de Crozon - CMD Breizh | Nettoyage, Jardinage, Gestion",,,,,,,\N,\N,\N,\N,\N,1,,,,2026-09-06 16:58:05,\N
8b01b6b5-5654-44d9-896b-6b4a52226756,60bd745a-7b8b-581f-9982-9e2fc10b873e,71cfbc58-0dff-5af7-b84d-a38e24248048,cf0e9591-43c9-4e54-8585-52ca3f372185,www.cmd.bzh,chrome,Linux,laptop,1536x960,en-US,FR,,,/,,,,,,,/about,,,"Conciergerie Presqu'île de Crozon - CMD Breizh | Nettoyage, Jardinage, Gestion",,,,,,,\N,\N,\N,\N,\N,1,,,,2026-09-06 16:58:36,\N
8b01b6b5-5654-44d9-896b-6b4a52226756,60bd745a-7b8b-581f-9982-9e2fc10b873e,71cfbc58-0dff-5af7-b84d-a38e24248048,de9a83bb-7143-4fad-bc71-29d9ffdecc5d,www.cmd.bzh,chrome,Linux,laptop,1536x960,en-US,FR,,,/about,,,,,,,/,,,À propos de CMD Breizh | Conciergerie Presqu'île de Crozon,,,,,,,\N,\N,\N,\N,\N,1,,,,2026-09-06 16:58:36,\N
8b01b6b5-5654-44d9-896b-6b4a52226756,60bd745a-7b8b-581f-9982-9e2fc10b873e,71cfbc58-0dff-5af7-b84d-a38e24248048,4b1bf656-6e6f-4506-a4c7-b4793aeacec4,www.cmd.bzh,chrome,Linux,laptop,1536x960,en-US,FR,,,/about,,,,,,,/,,,À propos de CMD Breizh | Conciergerie Presqu'île de Crozon,,,,,,,\N,\N,\N,\N,\N,1,,,,2026-09-06 16:58:39,\N
8b01b6b5-5654-44d9-896b-6b4a52226756,60bd745a-7b8b-581f-9982-9e2fc10b873e,71cfbc58-0dff-5af7-b84d-a38e24248048,1976dc9f-30a3-4ec4-8805-3db197d2161f,www.cmd.bzh,chrome,Linux,laptop,1536x960,en-US,FR,,,/contact,,,,,,,/about,,,Contactez CMD Breizh | Conciergerie Presqu'île de Crozon,,,,,,,\N,\N,\N,\N,\N,1,,,,2026-09-06 16:58:43,\N
8b01b6b5-5654-44d9-896b-6b4a52226756,60bd745a-7b8b-581f-9982-9e2fc10b873e,71cfbc58-0dff-5af7-b84d-a38e24248048,aadc941a-10a0-47f2-948f-0999a1d6c520,www.cmd.bzh,chrome,Linux,laptop,1536x960,en-US,FR,,,/reviews,,,,,,,/contact,,,Avis clients CMD Breizh | Conciergerie Presqu'île de Crozon,,,,,,,\N,\N,\N,\N,\N,1,,,,2026-09-06 16:58:44,\N
8b01b6b5-5654-44d9-896b-6b4a52226756,60bd745a-7b8b-581f-9982-9e2fc10b873e,71cfbc58-0dff-5af7-b84d-a38e24248048,94b3bc85-a07f-46b5-b675-c09020bbf773,www.cmd.bzh,chrome,Linux,laptop,1536x960,en-US,FR,,,/contact,,,,,,,/reviews,,,Contactez CMD Breizh | Conciergerie Presqu'île de Crozon,,,,,,,\N,\N,\N,\N,\N,1,,,,2026-09-06 16:58:45,\N
8b01b6b5-5654-44d9-896b-6b4a52226756,60bd745a-7b8b-581f-9982-9e2fc10b873e,71cfbc58-0dff-5af7-b84d-a38e24248048,b56ae391-8a89-4209-9b0e-33de726716a9,www.cmd.bzh,chrome,Linux,laptop,1536x960,en-US,FR,,,/reviews,,,,,,,/contact,,,Avis clients CMD Breizh | Conciergerie Presqu'île de Crozon,,,,,,,\N,\N,\N,\N,\N,1,,,,2026-09-06 16:59:29,\N
8b01b6b5-5654-44d9-896b-6b4a52226756,60bd745a-7b8b-581f-9982-9e2fc10b873e,71cfbc58-0dff-5af7-b84d-a38e24248048,b83da5ce-46ee-4915-a976-40b2c515f739,www.cmd.bzh,chrome,Linux,laptop,1536x960,en-US,FR,,,/contact,,,,,,,/reviews,,,Contactez CMD Breizh | Conciergerie Presqu'île de Crozon,,,,,,,\N,\N,\N,\N,\N,1,,,,2026-09-06 16:59:30,\N
8b01b6b5-5654-44d9-896b-6b4a52226756,ca3505fb-81e7-5aa2-8f27-1f772306e90b,c83ac6df-79f3-5d15-bd6d-fef408354588,680d8425-4ab5-43bc-9182-726ad20dcb1a,localhost,chrome,Windows 10,laptop,1280x720,en-US,FR,,,/,,,,,,,,,,"Conciergerie Presqu'île de Crozon - CMD Breizh | Nettoyage, Jardinage, Gestion",,,,,,,\N,\N,\N,\N,\N,1,,,,2026-09-06 17:09:44,\N
8b01b6b5-5654-44d9-896b-6b4a52226756,ca3505fb-81e7-5aa2-8f27-1f772306e90b,c83ac6df-79f3-5d15-bd6d-fef408354588,e2d3feea-a21f-4eab-a062-011411f60d74,localhost,chrome,Windows 10,laptop,1280x720,en-US,FR,,,/,,,,,,,,,,"Conciergerie Presqu'île de Crozon - CMD Breizh | Nettoyage, Jardinage, Gestion",,,,,,,\N,\N,\N,\N,\N,1,,,,2026-09-06 17:09:45,\N
8b01b6b5-5654-44d9-896b-6b4a52226756,ca3505fb-81e7-5aa2-8f27-1f772306e90b,c83ac6df-79f3-5d15-bd6d-fef408354588,b478f682-fc83-4372-bc75-c26c3075a25a,localhost,chrome,Windows 10,laptop,1280x720,en-US,FR,,,/,,,,,,,,,,"Conciergerie Presqu'île de Crozon - CMD Breizh | Nettoyage, Jardinage, Gestion",,,,,,,\N,\N,\N,\N,\N,1,,,,2026-09-06 17:09:45,\N
8b01b6b5-5654-44d9-896b-6b4a52226756,ca3505fb-81e7-5aa2-8f27-1f772306e90b,c83ac6df-79f3-5d15-bd6d-fef408354588,8c05ba29-05fe-4672-8e59-b0cea30eecab,localhost,chrome,Windows 10,laptop,1280x720,en-US,FR,,,/about,,,,,,,,,,À propos de CMD Breizh | Conciergerie Presqu'île de Crozon,,,,,,,\N,\N,\N,\N,\N,1,,,,2026-09-06 17:09:46,\N
8b01b6b5-5654-44d9-896b-6b4a52226756,ca3505fb-81e7-5aa2-8f27-1f772306e90b,c83ac6df-79f3-5d15-bd6d-fef408354588,fc1ddf82-7df8-4777-986c-4a27068aa96f,localhost,chrome,Windows 10,laptop,1280x720,en-US,FR,,,/contact,,,,,,,/,,,Contactez CMD Breizh | Conciergerie Presqu'île de Crozon,,,,,,,\N,\N,\N,\N,\N,1,,,,2026-09-06 17:09:46,\N
8b01b6b5-5654-44d9-896b-6b4a52226756,ca3505fb-81e7-5aa2-8f27-1f772306e90b,c83ac6df-79f3-5d15-bd6d-fef408354588,ab5b671c-7727-40c4-9de4-47cc56962ace,localhost,chrome,Windows 10,laptop,1280x720,en-US,FR,,,/reviews,,,,,,,,,,Avis clients CMD Breizh | Conciergerie Presqu'île de Crozon,,,,,,,\N,\N,\N,\N,\N,1,,,,2026-09-06 17:09:46,\N
8b01b6b5-5654-44d9-896b-6b4a52226756,ca3505fb-81e7-5aa2-8f27-1f772306e90b,c83ac6df-79f3-5d15-bd6d-fef408354588,79538972-2dae-4232-af71-ce9d2e7acf26,localhost,chrome,Windows 10,laptop,1280x720,en-US,FR,,,/contact,,,,,,,,,,Contactez CMD Breizh | Conciergerie Presqu'île de Crozon,,,,,,,\N,\N,\N,\N,\N,1,,,,2026-09-06 17:09:46,\N
8b01b6b5-5654-44d9-896b-6b4a52226756,ca3505fb-81e7-5aa2-8f27-1f772306e90b,c83ac6df-79f3-5d15-bd6d-fef408354588,ed5ce78a-e4b8-4f5d-a029-13bd57c40e0d,localhost,chrome,Windows 10,laptop,1280x720,en-US,FR,,,/,,,,,,,,,,"Conciergerie Presqu'île de Crozon - CMD Breizh | Nettoyage, Jardinage, Gestion",,,,,,,\N,\N,\N,\N,\N,1,,,,2026-09-06 17:09:47,\N
8b01b6b5-5654-44d9-896b-6b4a52226756,ca3505fb-81e7-5aa2-8f27-1f772306e90b,c83ac6df-79f3-5d15-bd6d-fef408354588,a599a1c5-cffc-4e25-bf52-86f9d23a8af6,localhost,chrome,Windows 10,laptop,1280x720,en-US,FR,,,/about,,,,,,,,,,À propos de CMD Breizh | Conciergerie Presqu'île de Crozon,,,,,,,\N,\N,\N,\N,\N,1,,,,2026-09-06 17:09:47,\N
8b01b6b5-5654-44d9-896b-6b4a52226756,ca3505fb-81e7-5aa2-8f27-1f772306e90b,c83ac6df-79f3-5d15-bd6d-fef408354588,40564310-9168-4513-b65e-eceeeb931987,localhost,chrome,Windows 10,laptop,1280x720,en-US,FR,,,/,,,,,,,,,,"Conciergerie Presqu'île de Crozon - CMD Breizh | Nettoyage, Jardinage, Gestion",,,,,,,\N,\N,\N,\N,\N,1,,,,2026-09-06 17:12:39,\N
8b01b6b5-5654-44d9-896b-6b4a52226756,ca3505fb-81e7-5aa2-8f27-1f772306e90b,c83ac6df-79f3-5d15-bd6d-fef408354588,7e80d71a-4865-407e-aa57-1c3cabb78691,localhost,chrome,Windows 10,laptop,1280x720,en-US,FR,,,/,,,,,,,,,,"Conciergerie Presqu'île de Crozon - CMD Breizh | Nettoyage, Jardinage, Gestion",,,,,,,\N,\N,\N,\N,\N,1,,,,2026-09-06 17:12:40,\N
8b01b6b5-5654-44d9-896b-6b4a52226756,ca3505fb-81e7-5aa2-8f27-1f772306e90b,c83ac6df-79f3-5d15-bd6d-fef408354588,81d0dc65-69d2-46e9-b342-22c4cc8fad54,localhost,chrome,Windows 10,laptop,1280x720,en-US,FR,,,/,,,,,,,,,,"Conciergerie Presqu'île de Crozon - CMD Breizh | Nettoyage, Jardinage, Gestion",,,,,,,\N,\N,\N,\N,\N,1,,,,2026-09-06 17:12:40,\N
8b01b6b5-5654-44d9-896b-6b4a52226756,ca3505fb-81e7-5aa2-8f27-1f772306e90b,c83ac6df-79f3-5d15-bd6d-fef408354588,75c05c79-b9ca-4316-918a-2d589c5771f4,localhost,chrome,Windows 10,laptop,1280x720,en-US,FR,,,/about,,,,,,,,,,À propos de CMD Breizh | Conciergerie Presqu'île de Crozon,,,,,,,\N,\N,\N,\N,\N,1,,,,2026-09-06 17:12:41,\N
8b01b6b5-5654-44d9-896b-6b4a52226756,ca3505fb-81e7-5aa2-8f27-1f772306e90b,c83ac6df-79f3-5d15-bd6d-fef408354588,1d382110-c520-4107-a5bf-781f34dd720d,localhost,chrome,Windows 10,laptop,1280x720,en-US,FR,,,/contact,,,,,,,/,,,Contactez CMD Breizh | Conciergerie Presqu'île de Crozon,,,,,,,\N,\N,\N,\N,\N,1,,,,2026-09-06 17:12:41,\N
8b01b6b5-5654-44d9-896b-6b4a52226756,ca3505fb-81e7-5aa2-8f27-1f772306e90b,c83ac6df-79f3-5d15-bd6d-fef408354588,b464f594-bc2e-40d9-8317-18dcf4f01ed5,localhost,chrome,Windows 10,laptop,1280x720,en-US,FR,,,/,,,,,,,,,,"Conciergerie Presqu'île de Crozon - CMD Breizh | Nettoyage, Jardinage, Gestion",,,,,,,\N,\N,\N,\N,\N,1,,,,2026-09-06 17:12:42,\N
8b01b6b5-5654-44d9-896b-6b4a52226756,ca3505fb-81e7-5aa2-8f27-1f772306e90b,c83ac6df-79f3-5d15-bd6d-fef408354588,4b25e742-7559-46b6-a1cc-fe1b3627d2fa,localhost,chrome,Windows 10,laptop,1280x720,en-US,FR,,,/,,,,,,,,,,"Conciergerie Presqu'île de Crozon - CMD Breizh | Nettoyage, Jardinage, Gestion",,,,,,,\N,\N,\N,\N,\N,1,,,,2026-09-06 17:12:43,\N
8b01b6b5-5654-44d9-896b-6b4a52226756,ca3505fb-81e7-5aa2-8f27-1f772306e90b,c83ac6df-79f3-5d15-bd6d-fef408354588,2871822d-2d24-4d84-a3bd-6a81364d0844,localhost,chrome,Windows 10,laptop,1280x720,en-US,FR,,,/about,,,,,,,,,,À propos de CMD Breizh | Conciergerie Presqu'île de Crozon,,,,,,,\N,\N,\N,\N,\N,1,,,,2026-09-06 17:12:43,\N
8b01b6b5-5654-44d9-896b-6b4a52226756,ca3505fb-81e7-5aa2-8f27-1f772306e90b,c83ac6df-79f3-5d15-bd6d-fef408354588,729b96ba-3684-49be-8538-586c38808a68,localhost,chrome,Windows 10,laptop,1280x720,en-US,FR,,,/contact,,,,,,,,,,Contactez CMD Breizh | Conciergerie Presqu'île de Crozon,,,,,,,\N,\N,\N,\N,\N,1,,,,2026-09-06 17:12:44,\N
8b01b6b5-5654-44d9-896b-6b4a52226756,ca3505fb-81e7-5aa2-8f27-1f772306e90b,c83ac6df-79f3-5d15-bd6d-fef408354588,447a3b72-79f1-4fd1-a2d0-555707afd117,localhost,chrome,Windows 10,laptop,1280x720,en-US,FR,,,/reviews,,,,,,,,,,Avis clients CMD Breizh | Conciergerie Presqu'île de Crozon,,,,,,,\N,\N,\N,\N,\N,1,,,,2026-09-06 17:12:44,\N
8b01b6b5-5654-44d9-896b-6b4a52226756,ca3505fb-81e7-5aa2-8f27-1f772306e90b,c83ac6df-79f3-5d15-bd6d-fef408354588,8dddc4b2-c846-4444-a964-167060a5c5b0,localhost,chrome,Windows 10,laptop,1280x720,en-US,FR,,,/,,,,,,,,,,"Conciergerie Presqu'île de Crozon - CMD Breizh | Nettoyage, Jardinage, Gestion",,,,,,,\N,\N,\N,\N,\N,1,,,,2026-09-06 17:13:00,\N
8b01b6b5-5654-44d9-896b-6b4a52226756,ca3505fb-81e7-5aa2-8f27-1f772306e90b,c83ac6df-79f3-5d15-bd6d-fef408354588,2aa2516e-a2df-4a6e-aca1-32e02471718c,localhost,chrome,Windows 10,laptop,1280x720,en-US,FR,,,/,,,,,,,,,,"Conciergerie Presqu'île de Crozon - CMD Breizh | Nettoyage, Jardinage, Gestion",,,,,,,\N,\N,\N,\N,\N,1,,,,2026-09-06 17:13:00,\N
8b01b6b5-5654-44d9-896b-6b4a52226756,ca3505fb-81e7-5aa2-8f27-1f772306e90b,c83ac6df-79f3-5d15-bd6d-fef408354588,576f9379-12e3-47b6-b03e-ae5bc5270774,localhost,chrome,Windows 10,laptop,1280x720,en-US,FR,,,/,,,,,,,,,,"Conciergerie Presqu'île de Crozon - CMD Breizh | Nettoyage, Jardinage, Gestion",,,,,,,\N,\N,\N,\N,\N,1,,,,2026-09-06 17:13:00,\N
8b01b6b5-5654-44d9-896b-6b4a52226756,ca3505fb-81e7-5aa2-8f27-1f772306e90b,c83ac6df-79f3-5d15-bd6d-fef408354588,641dce44-cad4-4b66-9c32-d1c75f85200d,localhost,chrome,Windows 10,laptop,1280x720,en-US,FR,,,/contact,,,,,,,/,,,Contactez CMD Breizh | Conciergerie Presqu'île de Crozon,,,,,,,\N,\N,\N,\N,\N,1,,,,2026-09-06 17:13:01,\N
8b01b6b5-5654-44d9-896b-6b4a52226756,ca3505fb-81e7-5aa2-8f27-1f772306e90b,c83ac6df-79f3-5d15-bd6d-fef408354588,72bcd360-adbd-4908-9f3f-9327b53de032,localhost,chrome,Windows 10,laptop,1280x720,en-US,FR,,,/about,,,,,,,,,,À propos de CMD Breizh | Conciergerie Presqu'île de Crozon,,,,,,,\N,\N,\N,\N,\N,1,,,,2026-09-06 17:13:02,\N
8b01b6b5-5654-44d9-896b-6b4a52226756,ca3505fb-81e7-5aa2-8f27-1f772306e90b,c83ac6df-79f3-5d15-bd6d-fef408354588,8e733ec6-deb3-46a8-9309-f1b0aba8f6cb,localhost,chrome,Windows 10,laptop,1280x720,en-US,FR,,,/,,,,,,,/about,,,"Conciergerie Presqu'île de Crozon - CMD Breizh | Nettoyage, Jardinage, Gestion",,,,,,,\N,\N,\N,\N,\N,1,,,,2026-09-06 17:13:03,\N
8b01b6b5-5654-44d9-896b-6b4a52226756,ca3505fb-81e7-5aa2-8f27-1f772306e90b,c83ac6df-79f3-5d15-bd6d-fef408354588,062be9f2-8d51-41ca-a06e-1287a6d4977c,localhost,chrome,Windows 10,laptop,1280x720,en-US,FR,,,/about,,,,,,,,,,À propos de CMD Breizh | Conciergerie Presqu'île de Crozon,,,,,,,\N,\N,\N,\N,\N,1,,,,2026-09-06 17:13:03,\N
8b01b6b5-5654-44d9-896b-6b4a52226756,ca3505fb-81e7-5aa2-8f27-1f772306e90b,c83ac6df-79f3-5d15-bd6d-fef408354588,01325536-3d0b-4490-b12f-d725a70e9071,localhost,chrome,Windows 10,laptop,1280x720,en-US,FR,,,/,,,,,,,,,,"Conciergerie Presqu'île de Crozon - CMD Breizh | Nettoyage, Jardinage, Gestion",,,,,,,\N,\N,\N,\N,\N,1,,,,2026-09-06 17:13:03,\N
8b01b6b5-5654-44d9-896b-6b4a52226756,ca3505fb-81e7-5aa2-8f27-1f772306e90b,c83ac6df-79f3-5d15-bd6d-fef408354588,5b6917a0-b8be-47d6-bf2d-fd90bd8c601d,localhost,chrome,Windows 10,laptop,1280x720,en-US,FR,,,/contact,,,,,,,,,,Contactez CMD Breizh | Conciergerie Presqu'île de Crozon,,,,,,,\N,\N,\N,\N,\N,1,,,,2026-09-06 17:13:03,\N
8b01b6b5-5654-44d9-896b-6b4a52226756,ca3505fb-81e7-5aa2-8f27-1f772306e90b,c83ac6df-79f3-5d15-bd6d-fef408354588,59385f36-78e4-4a5a-96c0-3cbd4ebf840e,localhost,chrome,Windows 10,laptop,1280x720,en-US,FR,,,/reviews,,,,,,,,,,Avis clients CMD Breizh | Conciergerie Presqu'île de Crozon,,,,,,,\N,\N,\N,\N,\N,1,,,,2026-09-06 17:13:04,\N
8b01b6b5-5654-44d9-896b-6b4a52226756,ca3505fb-81e7-5aa2-8f27-1f772306e90b,c83ac6df-79f3-5d15-bd6d-fef408354588,c806e64f-5fa6-4b3e-9d4f-8db42511927f,localhost,chrome,Windows 10,laptop,1280x720,en-US,FR,,,/gdpr,,,,,,,,,,Politique de confidentialité | CMD Breizh,,,,,,,\N,\N,\N,\N,\N,1,,,,2026-09-06 17:13:04,\N
8b01b6b5-5654-44d9-896b-6b4a52226756,ca3505fb-81e7-5aa2-8f27-1f772306e90b,c83ac6df-79f3-5d15-bd6d-fef408354588,bb1c153f-e44a-42c8-aeb0-0b58d6a8513d,localhost,chrome,Windows 10,laptop,1280x720,en-US,FR,,,/about,,,,,,,,,,À propos de CMD Breizh | Conciergerie Presqu'île de Crozon,,,,,,,\N,\N,\N,\N,\N,1,,,,2026-09-06 17:16:14,\N
8b01b6b5-5654-44d9-896b-6b4a52226756,ca3505fb-81e7-5aa2-8f27-1f772306e90b,c83ac6df-79f3-5d15-bd6d-fef408354588,d3b14e00-83a6-4cec-83a9-ec5d157e2add,localhost,chrome,Windows 10,laptop,1280x720,en-US,FR,,,/,,,,,,,,,,"Conciergerie Presqu'île de Crozon - CMD Breizh | Nettoyage, Jardinage, Gestion",,,,,,,\N,\N,\N,\N,\N,1,,,,2026-09-06 17:16:15,\N
8b01b6b5-5654-44d9-896b-6b4a52226756,ca3505fb-81e7-5aa2-8f27-1f772306e90b,c83ac6df-79f3-5d15-bd6d-fef408354588,df5037cc-31b4-4baa-9288-52a9038c0dcb,localhost,chrome,Windows 10,laptop,1280x720,en-US,FR,,,/,,,,,,,,,,"Conciergerie Presqu'île de Crozon - CMD Breizh | Nettoyage, Jardinage, Gestion",,,,,,,\N,\N,\N,\N,\N,1,,,,2026-09-06 17:16:15,\N
8b01b6b5-5654-44d9-896b-6b4a52226756,ca3505fb-81e7-5aa2-8f27-1f772306e90b,c83ac6df-79f3-5d15-bd6d-fef408354588,f9406fee-3066-4bdb-9f50-673a4b20a23e,localhost,chrome,Windows 10,laptop,1280x720,en-US,FR,,,/,,,,,,,,,,"Conciergerie Presqu'île de Crozon - CMD Breizh | Nettoyage, Jardinage, Gestion",,,,,,,\N,\N,\N,\N,\N,1,,,,2026-09-06 17:16:15,\N
8b01b6b5-5654-44d9-896b-6b4a52226756,ca3505fb-81e7-5aa2-8f27-1f772306e90b,c83ac6df-79f3-5d15-bd6d-fef408354588,d0d83cdc-e231-4135-bcbc-b478eff36b69,localhost,chrome,Windows 10,laptop,1280x720,en-US,FR,,,/,,,,,,,,,,"Conciergerie Presqu'île de Crozon - CMD Breizh | Nettoyage, Jardinage, Gestion",,,,,,,\N,\N,\N,\N,\N,1,,,,2026-09-06 17:16:15,\N
8b01b6b5-5654-44d9-896b-6b4a52226756,ca3505fb-81e7-5aa2-8f27-1f772306e90b,c83ac6df-79f3-5d15-bd6d-fef408354588,0b5e5a50-6b5e-4b68-a0a8-bc7d8c245489,localhost,chrome,Windows 10,laptop,1280x720,en-US,FR,,,/about,,,,,,,,,,À propos de CMD Breizh | Conciergerie Presqu'île de Crozon,,,,,,,\N,\N,\N,\N,\N,1,,,,2026-09-06 17:16:16,\N
8b01b6b5-5654-44d9-896b-6b4a52226756,ca3505fb-81e7-5aa2-8f27-1f772306e90b,c83ac6df-79f3-5d15-bd6d-fef408354588,431aafa2-d9fc-46ca-9df4-d2715b0311d9,localhost,chrome,Windows 10,laptop,1280x720,en-US,FR,,,/,,,,,,,,,,"Conciergerie Presqu'île de Crozon - CMD Breizh | Nettoyage, Jardinage, Gestion",,,,,,,\N,\N,\N,\N,\N,1,,,,2026-09-06 17:16:18,\N
8b01b6b5-5654-44d9-896b-6b4a52226756,ca3505fb-81e7-5aa2-8f27-1f772306e90b,c83ac6df-79f3-5d15-bd6d-fef408354588,6ede5066-9538-4ea7-a358-7281e98f78a1,localhost,chrome,Windows 10,laptop,1280x720,en-US,FR,,,/,,,,,,,,,,,,,,,,,\N,\N,\N,\N,\N,1,,,,2026-09-06 17:16:18,\N
8b01b6b5-5654-44d9-896b-6b4a52226756,ca3505fb-81e7-5aa2-8f27-1f772306e90b,c83ac6df-79f3-5d15-bd6d-fef408354588,e967b074-6465-445b-be0c-24113cc549ed,localhost,chrome,Windows 10,laptop,1280x720,en-US,FR,,,/about,,,,,,,,,,À propos de CMD Breizh | Conciergerie Presqu'île de Crozon,,,,,,,\N,\N,\N,\N,\N,1,,,,2026-09-06 17:16:18,\N
8b01b6b5-5654-44d9-896b-6b4a52226756,ca3505fb-81e7-5aa2-8f27-1f772306e90b,c83ac6df-79f3-5d15-bd6d-fef408354588,b36d4a76-503a-4691-83e3-3e126db2921e,localhost,chrome,Windows 10,laptop,1280x720,en-US,FR,,,/reviews,,,,,,,,,,Avis clients CMD Breizh | Conciergerie Presqu'île de Crozon,,,,,,,\N,\N,\N,\N,\N,1,,,,2026-09-06 17:16:19,\N
8b01b6b5-5654-44d9-896b-6b4a52226756,ca3505fb-81e7-5aa2-8f27-1f772306e90b,c83ac6df-79f3-5d15-bd6d-fef408354588,29c95964-1b02-4b0f-99b2-4885422ec3e3,localhost,chrome,Windows 10,laptop,1280x720,en-US,FR,,,/contact,,,,,,,,,,Contactez CMD Breizh | Conciergerie Presqu'île de Crozon,,,,,,,\N,\N,\N,\N,\N,1,,,,2026-09-06 17:16:19,\N
8b01b6b5-5654-44d9-896b-6b4a52226756,ca3505fb-81e7-5aa2-8f27-1f772306e90b,c83ac6df-79f3-5d15-bd6d-fef408354588,1c3f5835-264c-4328-b07a-438c816413c6,localhost,chrome,Windows 10,laptop,1280x720,en-US,FR,,,/gdpr,,,,,,,,,,Politique de confidentialité | CMD Breizh,,,,,,,\N,\N,\N,\N,\N,1,,,,2026-09-06 17:16:19,\N
8b01b6b5-5654-44d9-896b-6b4a52226756,ca3505fb-81e7-5aa2-8f27-1f772306e90b,c83ac6df-79f3-5d15-bd6d-fef408354588,bed30beb-2b94-463b-861a-d8b9efa40602,localhost,chrome,Windows 10,laptop,1280x720,en-US,FR,,,/,,,,,,,/,,,"Conciergerie Presqu'île de Crozon - CMD Breizh | Nettoyage, Jardinage, Gestion",,,,,,,\N,\N,\N,\N,\N,1,,,,2026-09-06 17:16:39,\N
8b01b6b5-5654-44d9-896b-6b4a52226756,ca3505fb-81e7-5aa2-8f27-1f772306e90b,c83ac6df-79f3-5d15-bd6d-fef408354588,cd7a276f-4e07-471c-88da-b6290201a182,localhost,chrome,Windows 10,laptop,1280x720,en-US,FR,,,/,,,,,,,/,,,"Conciergerie Presqu'île de Crozon - CMD Breizh | Nettoyage, Jardinage, Gestion",,,,,,,\N,\N,\N,\N,\N,1,,,,2026-09-06 17:16:39,\N
8b01b6b5-5654-44d9-896b-6b4a52226756,ca3505fb-81e7-5aa2-8f27-1f772306e90b,c83ac6df-79f3-5d15-bd6d-fef408354588,a81e7dd5-409b-4d94-8db0-d38c7d532137,localhost,chrome,Windows 10,laptop,1280x720,en-US,FR,,,/,,,,,,,/,,,"Conciergerie Presqu'île de Crozon - CMD Breizh | Nettoyage, Jardinage, Gestion",,,,,,,\N,\N,\N,\N,\N,1,,,,2026-09-06 17:16:39,\N
8b01b6b5-5654-44d9-896b-6b4a52226756,ca3505fb-81e7-5aa2-8f27-1f772306e90b,c83ac6df-79f3-5d15-bd6d-fef408354588,4eef892f-6f86-47c6-aec7-048a96572d27,localhost,chrome,Windows 10,laptop,1280x720,en-US,FR,,,/about,,,,,,,/about,,,À propos de CMD Breizh | Conciergerie Presqu'île de Crozon,,,,,,,\N,\N,\N,\N,\N,1,,,,2026-09-06 17:16:39,\N
8b01b6b5-5654-44d9-896b-6b4a52226756,ca3505fb-81e7-5aa2-8f27-1f772306e90b,c83ac6df-79f3-5d15-bd6d-fef408354588,8f728570-4804-4e2c-b731-97baaa415bea,localhost,chrome,Windows 10,laptop,1280x720,en-US,FR,,,/,,,,,,,/,,,"Conciergerie Presqu'île de Crozon - CMD Breizh | Nettoyage, Jardinage, Gestion",,,,,,,\N,\N,\N,\N,\N,1,,,,2026-09-06 17:16:39,\N
8b01b6b5-5654-44d9-896b-6b4a52226756,ca3505fb-81e7-5aa2-8f27-1f772306e90b,c83ac6df-79f3-5d15-bd6d-fef408354588,ff084de7-7d4b-4d87-9b89-9e287fad0ff8,localhost,chrome,Windows 10,laptop,1280x720,en-US,FR,,,/,,,,,,,,,,"Conciergerie Presqu'île de Crozon - CMD Breizh | Nettoyage, Jardinage, Gestion",,,,,,,\N,\N,\N,\N,\N,1,,,,2026-09-06 17:16:58,\N
8b01b6b5-5654-44d9-896b-6b4a52226756,ca3505fb-81e7-5aa2-8f27-1f772306e90b,c83ac6df-79f3-5d15-bd6d-fef408354588,71ba19c6-4c7f-4731-a090-161d2d78a5ab,localhost,chrome,Windows 10,laptop,1280x720,en-US,FR,,,/,,,,,,,,,,"Conciergerie Presqu'île de Crozon - CMD Breizh | Nettoyage, Jardinage, Gestion",,,,,,,\N,\N,\N,\N,\N,1,,,,2026-09-06 17:16:58,\N
8b01b6b5-5654-44d9-896b-6b4a52226756,ca3505fb-81e7-5aa2-8f27-1f772306e90b,c83ac6df-79f3-5d15-bd6d-fef408354588,4bcb7e63-2182-4850-a9c6-842b1484b8aa,localhost,chrome,Windows 10,laptop,1280x720,en-US,FR,,,/,,,,,,,,,,"Conciergerie Presqu'île de Crozon - CMD Breizh | Nettoyage, Jardinage, Gestion",,,,,,,\N,\N,\N,\N,\N,1,,,,2026-09-06 17:16:58,\N
8b01b6b5-5654-44d9-896b-6b4a52226756,ca3505fb-81e7-5aa2-8f27-1f772306e90b,c83ac6df-79f3-5d15-bd6d-fef408354588,17bd5c07-1d1c-4c4d-a31e-c59ee5cfdab7,localhost,chrome,Windows 10,laptop,1280x720,en-US,FR,,,/contact,,,,,,,/,,,Contactez CMD Breizh | Conciergerie Presqu'île de Crozon,,,,,,,\N,\N,\N,\N,\N,1,,,,2026-09-06 17:17:00,\N
8b01b6b5-5654-44d9-896b-6b4a52226756,ca3505fb-81e7-5aa2-8f27-1f772306e90b,c83ac6df-79f3-5d15-bd6d-fef408354588,13943d54-1f94-4054-a45d-9de62099ecac,localhost,chrome,Windows 10,laptop,1280x720,en-US,FR,,,/about,,,,,,,,,,À propos de CMD Breizh | Conciergerie Presqu'île de Crozon,,,,,,,\N,\N,\N,\N,\N,1,,,,2026-09-06 17:17:00,\N
8b01b6b5-5654-44d9-896b-6b4a52226756,ca3505fb-81e7-5aa2-8f27-1f772306e90b,c83ac6df-79f3-5d15-bd6d-fef408354588,5add6934-3439-4372-aa7f-cb0ef17ae9aa,localhost,chrome,Windows 10,laptop,1280x720,en-US,FR,,,/,,,,,,,/about,,,"Conciergerie Presqu'île de Crozon - CMD Breizh | Nettoyage, Jardinage, Gestion",,,,,,,\N,\N,\N,\N,\N,1,,,,2026-09-06 17:17:01,\N
8b01b6b5-5654-44d9-896b-6b4a52226756,ca3505fb-81e7-5aa2-8f27-1f772306e90b,c83ac6df-79f3-5d15-bd6d-fef408354588,7e3a8a21-59a6-46aa-984e-8a063467a38d,localhost,chrome,Windows 10,laptop,1280x720,en-US,FR,,,/contact,,,,,,,,,,Contactez CMD Breizh | Conciergerie Presqu'île de Crozon,,,,,,,\N,\N,\N,\N,\N,1,,,,2026-09-06 17:17:02,\N
8b01b6b5-5654-44d9-896b-6b4a52226756,ca3505fb-81e7-5aa2-8f27-1f772306e90b,c83ac6df-79f3-5d15-bd6d-fef408354588,f3df085d-dc05-40bc-b648-fa136e5954ae,localhost,chrome,Windows 10,laptop,1280x720,en-US,FR,,,/about,,,,,,,,,,À propos de CMD Breizh | Conciergerie Presqu'île de Crozon,,,,,,,\N,\N,\N,\N,\N,1,,,,2026-09-06 17:17:02,\N
8b01b6b5-5654-44d9-896b-6b4a52226756,ca3505fb-81e7-5aa2-8f27-1f772306e90b,c83ac6df-79f3-5d15-bd6d-fef408354588,b6a6c844-d4fd-41ad-b84f-ff27fa9a2278,localhost,chrome,Windows 10,laptop,1280x720,en-US,FR,,,/,,,,,,,,,,"Conciergerie Presqu'île de Crozon - CMD Breizh | Nettoyage, Jardinage, Gestion",,,,,,,\N,\N,\N,\N,\N,1,,,,2026-09-06 17:17:02,\N
8b01b6b5-5654-44d9-896b-6b4a52226756,ca3505fb-81e7-5aa2-8f27-1f772306e90b,c83ac6df-79f3-5d15-bd6d-fef408354588,bab523cf-3085-4927-9d7d-6960c93db0de,localhost,chrome,Windows 10,laptop,1280x720,en-US,FR,,,/reviews,,,,,,,,,,Avis clients CMD Breizh | Conciergerie Presqu'île de Crozon,,,,,,,\N,\N,\N,\N,\N,1,,,,2026-09-06 17:17:03,\N
8b01b6b5-5654-44d9-896b-6b4a52226756,ca3505fb-81e7-5aa2-8f27-1f772306e90b,c83ac6df-79f3-5d15-bd6d-fef408354588,77ea5822-2a84-4d5a-ad91-df37ed3b0774,localhost,chrome,Windows 10,laptop,1280x720,en-US,FR,,,/gdpr,,,,,,,,,,Politique de confidentialité | CMD Breizh,,,,,,,\N,\N,\N,\N,\N,1,,,,2026-09-06 17:17:03,\N
8b01b6b5-5654-44d9-896b-6b4a52226756,ca3505fb-81e7-5aa2-8f27-1f772306e90b,c83ac6df-79f3-5d15-bd6d-fef408354588,e8484438-0815-463f-8a77-4e0fe2e2340c,localhost,chrome,Windows 10,laptop,1280x720,en-US,FR,,,/,,,,,,,,,,"Conciergerie Presqu'île de Crozon - CMD Breizh | Nettoyage, Jardinage, Gestion",,,,,,,\N,\N,\N,\N,\N,1,,,,2026-09-06 17:18:04,\N
8b01b6b5-5654-44d9-896b-6b4a52226756,ca3505fb-81e7-5aa2-8f27-1f772306e90b,c83ac6df-79f3-5d15-bd6d-fef408354588,9576cede-015c-493d-8c78-34440d2f9472,localhost,chrome,Windows 10,laptop,1280x720,en-US,FR,,,/,,,,,,,,,,"Conciergerie Presqu'île de Crozon - CMD Breizh | Nettoyage, Jardinage, Gestion",,,,,,,\N,\N,\N,\N,\N,1,,,,2026-09-06 17:18:04,\N
8b01b6b5-5654-44d9-896b-6b4a52226756,ca3505fb-81e7-5aa2-8f27-1f772306e90b,c83ac6df-79f3-5d15-bd6d-fef408354588,5e46e3a7-254a-4b43-9289-4174200dffcc,localhost,chrome,Windows 10,laptop,1280x720,en-US,FR,,,/,,,,,,,,,,"Conciergerie Presqu'île de Crozon - CMD Breizh | Nettoyage, Jardinage, Gestion",,,,,,,\N,\N,\N,\N,\N,1,,,,2026-09-06 17:18:04,\N
8b01b6b5-5654-44d9-896b-6b4a52226756,ca3505fb-81e7-5aa2-8f27-1f772306e90b,c83ac6df-79f3-5d15-bd6d-fef408354588,eb68c3c0-0b29-4fcd-9868-d2bb0d71f263,localhost,chrome,Windows 10,laptop,1280x720,en-US,FR,,,/about,,,,,,,/,,,À propos de CMD Breizh | Conciergerie Presqu'île de Crozon,,,,,,,\N,\N,\N,\N,\N,1,,,,2026-09-06 17:18:05,\N
8b01b6b5-5654-44d9-896b-6b4a52226756,ca3505fb-81e7-5aa2-8f27-1f772306e90b,c83ac6df-79f3-5d15-bd6d-fef408354588,d5101dad-5a55-4b4f-ab91-bb5625f79201,localhost,chrome,Windows 10,laptop,1280x720,en-US,FR,,,/about,,,,,,,,,,À propos de CMD Breizh | Conciergerie Presqu'île de Crozon,,,,,,,\N,\N,\N,\N,\N,1,,,,2026-09-06 17:18:06,\N
8b01b6b5-5654-44d9-896b-6b4a52226756,ca3505fb-81e7-5aa2-8f27-1f772306e90b,c83ac6df-79f3-5d15-bd6d-fef408354588,a24767f8-d623-40cb-bf65-bf041fc00bb2,localhost,chrome,Windows 10,laptop,1280x720,en-US,FR,,,/contact,,,,,,,/,,,Contactez CMD Breizh | Conciergerie Presqu'île de Crozon,,,,,,,\N,\N,\N,\N,\N,1,,,,2026-09-06 17:18:06,\N
8b01b6b5-5654-44d9-896b-6b4a52226756,ca3505fb-81e7-5aa2-8f27-1f772306e90b,c83ac6df-79f3-5d15-bd6d-fef408354588,5f186c02-3ffe-42af-83fa-bc3cd6bfffe7,localhost,chrome,Windows 10,laptop,1280x720,en-US,FR,,,/,,,,,,,/about,,,"Conciergerie Presqu'île de Crozon - CMD Breizh | Nettoyage, Jardinage, Gestion",,,,,,,\N,\N,\N,\N,\N,1,,,,2026-09-06 17:18:07,\N
8b01b6b5-5654-44d9-896b-6b4a52226756,ca3505fb-81e7-5aa2-8f27-1f772306e90b,c83ac6df-79f3-5d15-bd6d-fef408354588,b7503168-2729-499a-916e-681769620eff,localhost,chrome,Windows 10,laptop,1280x720,en-US,FR,,,/contact,,,,,,,,,,Contactez CMD Breizh | Conciergerie Presqu'île de Crozon,,,,,,,\N,\N,\N,\N,\N,1,,,,2026-09-06 17:18:08,\N
8b01b6b5-5654-44d9-896b-6b4a52226756,ca3505fb-81e7-5aa2-8f27-1f772306e90b,c83ac6df-79f3-5d15-bd6d-fef408354588,6d0ab776-611c-4375-a39b-b61be8704a8f,localhost,chrome,Windows 10,laptop,1280x720,en-US,FR,,,/,,,,,,,,,,"Conciergerie Presqu'île de Crozon - CMD Breizh | Nettoyage, Jardinage, Gestion",,,,,,,\N,\N,\N,\N,\N,1,,,,2026-09-06 17:18:08,\N
8b01b6b5-5654-44d9-896b-6b4a52226756,ca3505fb-81e7-5aa2-8f27-1f772306e90b,c83ac6df-79f3-5d15-bd6d-fef408354588,c8485c70-8c36-42c8-b811-149d4d765049,localhost,chrome,Windows 10,laptop,1280x720,en-US,FR,,,/about,,,,,,,,,,À propos de CMD Breizh | Conciergerie Presqu'île de Crozon,,,,,,,\N,\N,\N,\N,\N,1,,,,2026-09-06 17:18:08,\N
8b01b6b5-5654-44d9-896b-6b4a52226756,ca3505fb-81e7-5aa2-8f27-1f772306e90b,c83ac6df-79f3-5d15-bd6d-fef408354588,0d16cd63-28d2-485a-a380-c94177c370ef,localhost,chrome,Windows 10,laptop,1280x720,en-US,FR,,,/reviews,,,,,,,,,,Avis clients CMD Breizh | Conciergerie Presqu'île de Crozon,,,,,,,\N,\N,\N,\N,\N,1,,,,2026-09-06 17:18:09,\N
8b01b6b5-5654-44d9-896b-6b4a52226756,59a0b6f9-4d59-5576-8a49-580e865f8dfe,f312c165-acb6-5a02-8978-4434501d0aef,35e919df-c7d2-43f0-9bf0-a91444e4064d,www.cmd.bzh,chrome,Linux,laptop,1536x960,en-US,FR,,,/reviews,,,,,,,/contact,,,Avis clients CMD Breizh | Conciergerie Presqu'île de Crozon,,,,,,,\N,\N,\N,\N,\N,1,,,,2026-09-06 21:18:30,\N
8b01b6b5-5654-44d9-896b-6b4a52226756,59a0b6f9-4d59-5576-8a49-580e865f8dfe,f312c165-acb6-5a02-8978-4434501d0aef,52b9823a-eead-47d4-b40f-66a1e9765697,www.cmd.bzh,chrome,Linux,laptop,1536x960,en-US,FR,,,/contact,,,,,,,/reviews,,,Contactez CMD Breizh | Conciergerie Presqu'île de Crozon,,,,,,,\N,\N,\N,\N,\N,1,,,,2026-09-06 21:18:44,\N
8b01b6b5-5654-44d9-896b-6b4a52226756,59a0b6f9-4d59-5576-8a49-580e865f8dfe,d3eef19d-c954-5bf8-b080-f542fc50f59c,6b71d76a-66f0-428a-8250-d8b51cf1e313,www.cmd.bzh,chrome,Linux,laptop,1536x960,en-US,FR,,,/about,,,,,,,/contact,,,À propos de CMD Breizh | Conciergerie Presqu'île de Crozon,,,,,,,\N,\N,\N,\N,\N,1,,,,2026-09-06 23:19:32,\N
8b01b6b5-5654-44d9-896b-6b4a52226756,59a0b6f9-4d59-5576-8a49-580e865f8dfe,d3eef19d-c954-5bf8-b080-f542fc50f59c,9ab2adbe-176b-4b3a-9b67-23e601011637,www.cmd.bzh,chrome,Linux,laptop,1536x960,en-US,FR,,,/,,,,,,,/about,,,"Conciergerie Presqu'île de Crozon - CMD Breizh | Nettoyage, Jardinage, Gestion",,,,,,,\N,\N,\N,\N,\N,1,,,,2026-09-06 23:19:32,\N
8b01b6b5-5654-44d9-896b-6b4a52226756,59a0b6f9-4d59-5576-8a49-580e865f8dfe,d3eef19d-c954-5bf8-b080-f542fc50f59c,cc1756e3-d4be-43e5-9513-7e97d709b0c6,www.cmd.bzh,chrome,Linux,laptop,1536x960,en-US,FR,,,/reviews,,,,,,,/,,,Avis clients CMD Breizh | Conciergerie Presqu'île de Crozon,,,,,,,\N,\N,\N,\N,\N,1,,,,2026-09-06 23:19:36,\N
8b01b6b5-5654-44d9-896b-6b4a52226756,59a0b6f9-4d59-5576-8a49-580e865f8dfe,d3eef19d-c954-5bf8-b080-f542fc50f59c,dbd87e1e-3ded-4da4-863e-ea337544a1b4,www.cmd.bzh,chrome,Linux,laptop,1536x960,en-US,FR,,,/,,,,,,,/reviews,,,"Conciergerie Presqu'île de Crozon - CMD Breizh | Nettoyage, Jardinage, Gestion",,,,,,,\N,\N,\N,\N,\N,1,,,,2026-09-06 23:19:38,\N
8b01b6b5-5654-44d9-896b-6b4a52226756,59a0b6f9-4d59-5576-8a49-580e865f8dfe,d3eef19d-c954-5bf8-b080-f542fc50f59c,55edce32-9f59-45c4-8a9c-4560770d8226,www.cmd.bzh,chrome,Linux,laptop,1536x960,en-US,FR,,,/reviews,,,,,,,/,,,Avis clients CMD Breizh | Conciergerie Presqu'île de Crozon,,,,,,,\N,\N,\N,\N,\N,1,,,,2026-09-06 23:19:39,\N
8b01b6b5-5654-44d9-896b-6b4a52226756,59a0b6f9-4d59-5576-8a49-580e865f8dfe,d3eef19d-c954-5bf8-b080-f542fc50f59c,a8dfe318-2f21-484f-b9c2-1780ffccb2a5,www.cmd.bzh,chrome,Linux,laptop,1536x960,en-US,FR,,,/contact,,,,,,,/reviews,,,Contactez CMD Breizh | Conciergerie Presqu'île de Crozon,,,,,,,\N,\N,\N,\N,\N,1,,,,2026-09-06 23:19:40,\N
8b01b6b5-5654-44d9-896b-6b4a52226756,59a0b6f9-4d59-5576-8a49-580e865f8dfe,d3eef19d-c954-5bf8-b080-f542fc50f59c,e7028778-f7e0-4409-ab1f-ba42edfef3d5,www.cmd.bzh,chrome,Linux,laptop,1536x960,en-US,FR,,,/about,,,,,,,/contact,,,À propos de CMD Breizh | Conciergerie Presqu'île de Crozon,,,,,,,\N,\N,\N,\N,\N,1,,,,2026-09-06 23:19:43,\N
8b01b6b5-5654-44d9-896b-6b4a52226756,59a0b6f9-4d59-5576-8a49-580e865f8dfe,d3eef19d-c954-5bf8-b080-f542fc50f59c,a8861cd1-df8d-4a6a-a898-bcfef474bdc0,www.cmd.bzh,chrome,Linux,laptop,1536x960,en-US,FR,,,/contact,,,,,,,/about,,,Contactez CMD Breizh | Conciergerie Presqu'île de Crozon,,,,,,,\N,\N,\N,\N,\N,1,,,,2026-09-06 23:19:57,\N
8b01b6b5-5654-44d9-896b-6b4a52226756,59a0b6f9-4d59-5576-8a49-580e865f8dfe,d3eef19d-c954-5bf8-b080-f542fc50f59c,743c43c9-bdd0-4c2d-b65f-dd14f205eeb7,www.cmd.bzh,chrome,Linux,laptop,1536x960,en-US,FR,,,/reviews,,,,,,,/contact,,,Avis clients CMD Breizh | Conciergerie Presqu'île de Crozon,,,,,,,\N,\N,\N,\N,\N,1,,,,2026-09-06 23:19:58,\N
8b01b6b5-5654-44d9-896b-6b4a52226756,fcbcb667-055a-5af4-b178-8f2911f94f57,cd405e24-3865-574e-84d7-750f71d7b6f1,c26316a0-bb2b-4ee7-a08a-b35d80ab36c7,www.cmd.bzh,chrome,Linux,laptop,800x600,en-US,CA,CA-BC,Vancouver,/,,,,,,,,,,"Conciergerie Presqu'île de Crozon - CMD Breizh | Nettoyage, Jardinage, Gestion",,,,,,,\N,\N,\N,\N,\N,1,,,,2026-09-07 01:24:57,\N
8b01b6b5-5654-44d9-896b-6b4a52226756,8a42bf76-c660-5672-9a0f-873657406f16,b3e66b6f-1162-5de5-b657-2d5aef0ed9a4,d00ed72a-6d30-4d8f-83c0-a58dfd8b4486,www.cmd.bzh,chrome,Mac OS,laptop,1280x720,en-US,DE,DE-SN,Falkenstein,/,,,,,,,,,,"Conciergerie Presqu'île de Crozon - CMD Breizh | Nettoyage, Jardinage, Gestion",,,,,,,\N,\N,\N,\N,\N,1,,,,2026-09-07 09:09:17,\N
8b01b6b5-5654-44d9-896b-6b4a52226756,3a6dac12-b966-56cc-b6ed-d73ce50e0355,c01b799b-8216-5f17-a997-1632d7464a1d,cd24a70c-cafe-46de-ab7d-7ea89ae7a4f3,www.cmd.bzh,chrome,Linux,laptop,1920x1080,en-US,US,,,/,,,,,,,,,,"Conciergerie Presqu'île de Crozon - CMD Breizh | Nettoyage, Jardinage, Gestion",,,,,,,\N,\N,\N,\N,\N,1,,,,2026-09-07 09:09:19,\N
8b01b6b5-5654-44d9-896b-6b4a52226756,8727187b-f3ba-5973-ba03-1c3f2c515507,b54f4d03-b091-59c9-acbb-9e482afd2bd0,843bb672-492e-4580-9ac5-5c44d9fed2f9,www.cmd.bzh,chrome,Android OS,mobile,394x853,fr-FR,FR,FR-BFC,Montchanin,/,,,,,,,/,,google.com,"Conciergerie Presqu'île de Crozon - CMD Breizh | Nettoyage, Jardinage, Gestion",,,,,,,\N,\N,\N,\N,\N,1,,,,2026-09-07 19:56:02,\N
8b01b6b5-5654-44d9-896b-6b4a52226756,8727187b-f3ba-5973-ba03-1c3f2c515507,b54f4d03-b091-59c9-acbb-9e482afd2bd0,085cd5e0-b4c3-45d4-8685-32bdfa9a8f3b,www.cmd.bzh,chrome,Android OS,mobile,394x853,fr-FR,FR,FR-BFC,Montchanin,/about,,,,,,,/,,,À propos de CMD Breizh | Conciergerie Presqu'île de Crozon,,,,,,,\N,\N,\N,\N,\N,1,,,,2026-09-07 19:57:00,\N
8b01b6b5-5654-44d9-896b-6b4a52226756,649e0e0f-4517-5cd5-b529-99d48e6376b2,2d56b7dd-a541-5e9b-b5f9-799513137467,6f3dbddc-5856-4b93-8297-f8041f099ec0,localhost,chrome,Linux,laptop,1536x960,en-US,FR,,,/,,,,,,,,,,"Conciergerie Presqu'île de Crozon - CMD Breizh | Nettoyage, Jardinage, Gestion",,,,,,,\N,\N,\N,\N,\N,1,,,,2026-09-07 21:46:43,\N
8b01b6b5-5654-44d9-896b-6b4a52226756,2e40768b-c3a7-508e-878f-e9801bc8e501,597ad486-ea6d-55c2-8ccd-3269d5fdce8f,3c25a3e3-ec8a-4b85-89c2-022404d67607,localhost,chrome,Windows 10,laptop,1280x720,en-US,FR,,,/,,,,,,,,,,"Conciergerie Presqu'île de Crozon - CMD Breizh | Nettoyage, Jardinage, Gestion",,,,,,,\N,\N,\N,\N,\N,1,,,,2026-09-07 21:50:52,\N
8b01b6b5-5654-44d9-896b-6b4a52226756,2e40768b-c3a7-508e-878f-e9801bc8e501,597ad486-ea6d-55c2-8ccd-3269d5fdce8f,c841eaf5-31a2-46e7-a272-5fdd0aab69a9,localhost,chrome,Windows 10,laptop,1280x720,en-US,FR,,,/,,,,,,,,,,"Conciergerie Presqu'île de Crozon - CMD Breizh | Nettoyage, Jardinage, Gestion",,,,,,,\N,\N,\N,\N,\N,1,,,,2026-09-07 21:50:52,\N
8b01b6b5-5654-44d9-896b-6b4a52226756,2e40768b-c3a7-508e-878f-e9801bc8e501,597ad486-ea6d-55c2-8ccd-3269d5fdce8f,b199f373-50a2-4355-bc23-a0dc422fb124,localhost,chrome,Windows 10,laptop,1280x720,en-US,FR,,,/,,,,,,,,,,"Conciergerie Presqu'île de Crozon - CMD Breizh | Nettoyage, Jardinage, Gestion",,,,,,,\N,\N,\N,\N,\N,1,,,,2026-09-07 21:50:52,\N
8b01b6b5-5654-44d9-896b-6b4a52226756,2e40768b-c3a7-508e-878f-e9801bc8e501,597ad486-ea6d-55c2-8ccd-3269d5fdce8f,5b85339d-a983-4f9d-8619-783a97299e2d,localhost,chrome,Windows 10,laptop,1280x720,en-US,FR,,,/about,,,,,,,,,,À propos de CMD Breizh | Conciergerie Presqu'île de Crozon,,,,,,,\N,\N,\N,\N,\N,1,,,,2026-09-07 21:50:53,\N
8b01b6b5-5654-44d9-896b-6b4a52226756,2e40768b-c3a7-508e-878f-e9801bc8e501,597ad486-ea6d-55c2-8ccd-3269d5fdce8f,82fdd1f2-2b6b-4d02-a1b8-07257e89ac0f,localhost,chrome,Windows 10,laptop,1280x720,en-US,FR,,,/,,,,,,,,,,"Conciergerie Presqu'île de Crozon - CMD Breizh | Nettoyage, Jardinage, Gestion",,,,,,,\N,\N,\N,\N,\N,1,,,,2026-09-07 21:50:54,\N
8b01b6b5-5654-44d9-896b-6b4a52226756,2e40768b-c3a7-508e-878f-e9801bc8e501,597ad486-ea6d-55c2-8ccd-3269d5fdce8f,cfd544c1-6daa-4b1b-a3ff-5f72fc582590,localhost,chrome,Windows 10,laptop,1280x720,en-US,FR,,,/about,,,,,,,,,,À propos de CMD Breizh | Conciergerie Presqu'île de Crozon,,,,,,,\N,\N,\N,\N,\N,1,,,,2026-09-07 21:50:54,\N
8b01b6b5-5654-44d9-896b-6b4a52226756,2e40768b-c3a7-508e-878f-e9801bc8e501,597ad486-ea6d-55c2-8ccd-3269d5fdce8f,229d24c6-3255-45c8-b010-97bb1052739f,localhost,chrome,Windows 10,laptop,1280x720,en-US,FR,,,/reviews,,,,,,,,,,Avis clients CMD Breizh | Conciergerie Presqu'île de Crozon,,,,,,,\N,\N,\N,\N,\N,1,,,,2026-09-07 21:50:55,\N
8b01b6b5-5654-44d9-896b-6b4a52226756,2e40768b-c3a7-508e-878f-e9801bc8e501,597ad486-ea6d-55c2-8ccd-3269d5fdce8f,70a8761b-895d-4e18-b665-061cbf14ba9b,localhost,chrome,Windows 10,laptop,1280x720,en-US,FR,,,/contact,,,,,,,,,,Contactez CMD Breizh | Conciergerie Presqu'île de Crozon,,,,,,,\N,\N,\N,\N,\N,1,,,,2026-09-07 21:50:55,\N
8b01b6b5-5654-44d9-896b-6b4a52226756,2e40768b-c3a7-508e-878f-e9801bc8e501,597ad486-ea6d-55c2-8ccd-3269d5fdce8f,6902e207-8316-4ba1-86db-9cac501e69f2,localhost,chrome,Windows 10,laptop,1280x720,en-US,FR,,,/,,,,,,,,,,"Conciergerie Presqu'île de Crozon - CMD Breizh | Nettoyage, Jardinage, Gestion",,,,,,,\N,\N,\N,\N,\N,1,,,,2026-09-07 21:51:42,\N
8b01b6b5-5654-44d9-896b-6b4a52226756,2e40768b-c3a7-508e-878f-e9801bc8e501,597ad486-ea6d-55c2-8ccd-3269d5fdce8f,cc55c1c9-f3ea-49fd-96aa-5b5b3977b352,localhost,chrome,Windows 10,laptop,1280x720,en-US,FR,,,/,,,,,,,,,,"Conciergerie Presqu'île de Crozon - CMD Breizh | Nettoyage, Jardinage, Gestion",,,,,,,\N,\N,\N,\N,\N,1,,,,2026-09-07 21:51:42,\N
8b01b6b5-5654-44d9-896b-6b4a52226756,2e40768b-c3a7-508e-878f-e9801bc8e501,597ad486-ea6d-55c2-8ccd-3269d5fdce8f,feffae05-d90f-49b9-a7db-bd612030f325,localhost,chrome,Windows 10,laptop,1280x720,en-US,FR,,,/,,,,,,,,,,"Conciergerie Presqu'île de Crozon - CMD Breizh | Nettoyage, Jardinage, Gestion",,,,,,,\N,\N,\N,\N,\N,1,,,,2026-09-07 21:51:42,\N
8b01b6b5-5654-44d9-896b-6b4a52226756,2e40768b-c3a7-508e-878f-e9801bc8e501,597ad486-ea6d-55c2-8ccd-3269d5fdce8f,fb7f686c-8c4a-43e2-a68d-aa67a38b6601,localhost,chrome,Windows 10,laptop,1280x720,en-US,FR,,,/about,,,,,,,/,,,À propos de CMD Breizh | Conciergerie Presqu'île de Crozon,,,,,,,\N,\N,\N,\N,\N,1,,,,2026-09-07 21:51:43,\N
8b01b6b5-5654-44d9-896b-6b4a52226756,2e40768b-c3a7-508e-878f-e9801bc8e501,597ad486-ea6d-55c2-8ccd-3269d5fdce8f,a28efdd1-10aa-48bf-9316-8b92913b045e,localhost,chrome,Windows 10,laptop,1280x720,en-US,FR,,,/about,,,,,,,,,,À propos de CMD Breizh | Conciergerie Presqu'île de Crozon,,,,,,,\N,\N,\N,\N,\N,1,,,,2026-09-07 21:51:44,\N
8b01b6b5-5654-44d9-896b-6b4a52226756,2e40768b-c3a7-508e-878f-e9801bc8e501,597ad486-ea6d-55c2-8ccd-3269d5fdce8f,f0feae0f-20e9-4ca3-b69e-b50122674852,localhost,chrome,Windows 10,laptop,1280x720,en-US,FR,,,/contact,,,,,,,/,,,Contactez CMD Breizh | Conciergerie Presqu'île de Crozon,,,,,,,\N,\N,\N,\N,\N,1,,,,2026-09-07 21:51:44,\N
8b01b6b5-5654-44d9-896b-6b4a52226756,2e40768b-c3a7-508e-878f-e9801bc8e501,597ad486-ea6d-55c2-8ccd-3269d5fdce8f,6a263b1d-c6fe-4fd5-a62e-78e243141ae3,localhost,chrome,Windows 10,laptop,1280x720,en-US,FR,,,/,,,,,,,,,,"Conciergerie Presqu'île de Crozon - CMD Breizh | Nettoyage, Jardinage, Gestion",,,,,,,\N,\N,\N,\N,\N,1,,,,2026-09-07 21:51:45,\N
8b01b6b5-5654-44d9-896b-6b4a52226756,2e40768b-c3a7-508e-878f-e9801bc8e501,597ad486-ea6d-55c2-8ccd-3269d5fdce8f,04ade54f-4969-466a-b72e-8dcb856b7e70,localhost,chrome,Windows 10,laptop,1280x720,en-US,FR,,,/about,,,,,,,,,,À propos de CMD Breizh | Conciergerie Presqu'île de Crozon,,,,,,,\N,\N,\N,\N,\N,1,,,,2026-09-07 21:51:45,\N
8b01b6b5-5654-44d9-896b-6b4a52226756,2e40768b-c3a7-508e-878f-e9801bc8e501,597ad486-ea6d-55c2-8ccd-3269d5fdce8f,ecaa274e-a451-4ea8-925d-65b5b3ddca9d,localhost,chrome,Windows 10,laptop,1280x720,en-US,FR,,,/reviews,,,,,,,,,,Avis clients CMD Breizh | Conciergerie Presqu'île de Crozon,,,,,,,\N,\N,\N,\N,\N,1,,,,2026-09-07 21:51:46,\N
8b01b6b5-5654-44d9-896b-6b4a52226756,2e40768b-c3a7-508e-878f-e9801bc8e501,597ad486-ea6d-55c2-8ccd-3269d5fdce8f,e04a36b8-a027-40ed-af8e-518d3fc84758,localhost,chrome,Windows 10,laptop,1280x720,en-US,FR,,,/contact,,,,,,,,,,Contactez CMD Breizh | Conciergerie Presqu'île de Crozon,,,,,,,\N,\N,\N,\N,\N,1,,,,2026-09-07 21:51:46,\N
8b01b6b5-5654-44d9-896b-6b4a52226756,fa92d66b-92b6-5600-8d8f-4e650f278c79,098e042b-8b0c-5657-aff7-1313b1bbe742,43f90423-eedb-4914-9b12-74c0c7e87a90,localhost,ios,iOS,mobile,375x667,en-US,FR,,,/site#cat-boulange,,,,,,,/site,,,404 - Page non trouvée | CMD Breizh,,,,,,,\N,\N,\N,\N,\N,1,,,,2026-09-07 21:55:27,\N
8b01b6b5-5654-44d9-896b-6b4a52226756,fa92d66b-92b6-5600-8d8f-4e650f278c79,098e042b-8b0c-5657-aff7-1313b1bbe742,86f761e0-0f3d-46bc-88c7-0335467aa996,localhost,ios,iOS,mobile,375x667,en-US,FR,,,/,,,,,,,/site,,,"Conciergerie Presqu'île de Crozon - CMD Breizh | Nettoyage, Jardinage, Gestion",,,,,,,\N,\N,\N,\N,\N,1,,,,2026-09-07 21:55:29,\N
8b01b6b5-5654-44d9-896b-6b4a52226756,fa92d66b-92b6-5600-8d8f-4e650f278c79,098e042b-8b0c-5657-aff7-1313b1bbe742,f0aea0b3-847e-4fe4-9f6e-23db421da5a6,localhost,ios,iOS,mobile,375x667,en-US,FR,,,/about,,,,,,,/,,,À propos de CMD Breizh | Conciergerie Presqu'île de Crozon,,,,,,,\N,\N,\N,\N,\N,1,,,,2026-09-07 21:55:34,\N
8b01b6b5-5654-44d9-896b-6b4a52226756,649e0e0f-4517-5cd5-b529-99d48e6376b2,2d56b7dd-a541-5e9b-b5f9-799513137467,e8b71055-1565-42e6-830f-53060cfada10,localhost,chrome,Linux,laptop,375x667,en-US,FR,,,/,,,,,,,/about,,,"Conciergerie Presqu'île de Crozon - CMD Breizh | Nettoyage, Jardinage, Gestion",,,,,,,\N,\N,\N,\N,\N,1,,,,2026-09-07 21:55:39,\N
8b01b6b5-5654-44d9-896b-6b4a52226756,649e0e0f-4517-5cd5-b529-99d48e6376b2,2d56b7dd-a541-5e9b-b5f9-799513137467,2cdf0181-c50c-4333-9463-55748b21cbb9,localhost,chrome,Linux,laptop,375x667,en-US,FR,,,/contact,,,,,,,/,,,Contactez CMD Breizh | Conciergerie Presqu'île de Crozon,,,,,,,\N,\N,\N,\N,\N,1,,,,2026-09-07 21:55:43,\N
8b01b6b5-5654-44d9-896b-6b4a52226756,649e0e0f-4517-5cd5-b529-99d48e6376b2,2d56b7dd-a541-5e9b-b5f9-799513137467,da1b657f-72d9-4337-ae23-8d950e897515,localhost,chrome,Linux,laptop,375x667,en-US,FR,,,/reviews,,,,,,,/contact,,,Avis clients CMD Breizh | Conciergerie Presqu'île de Crozon,,,,,,,\N,\N,\N,\N,\N,1,,,,2026-09-07 21:55:47,\N
8b01b6b5-5654-44d9-896b-6b4a52226756,649e0e0f-4517-5cd5-b529-99d48e6376b2,2d56b7dd-a541-5e9b-b5f9-799513137467,e2231c3e-240e-4b03-9cac-64301d09bfd4,localhost,chrome,Linux,laptop,375x667,en-US,FR,,,/about,,,,,,,/reviews,,,À propos de CMD Breizh | Conciergerie Presqu'île de Crozon,,,,,,,\N,\N,\N,\N,\N,1,,,,2026-09-07 21:55:49,\N
8b01b6b5-5654-44d9-896b-6b4a52226756,649e0e0f-4517-5cd5-b529-99d48e6376b2,2d56b7dd-a541-5e9b-b5f9-799513137467,5c6d40db-e768-4320-bb99-f04526ced45a,localhost,chrome,Linux,laptop,375x667,en-US,FR,,,/,,,,,,,/about,,,"Conciergerie Presqu'île de Crozon - CMD Breizh | Nettoyage, Jardinage, Gestion",,,,,,,\N,\N,\N,\N,\N,1,,,,2026-09-07 21:55:51,\N
8b01b6b5-5654-44d9-896b-6b4a52226756,649e0e0f-4517-5cd5-b529-99d48e6376b2,2d56b7dd-a541-5e9b-b5f9-799513137467,7977dac9-e438-41de-a577-ad2cad228c4c,localhost,chrome,Linux,laptop,375x667,en-US,FR,,,/about,,,,,,,/,,,À propos de CMD Breizh | Conciergerie Presqu'île de Crozon,,,,,,,\N,\N,\N,\N,\N,1,,,,2026-09-07 21:55:53,\N
8b01b6b5-5654-44d9-896b-6b4a52226756,649e0e0f-4517-5cd5-b529-99d48e6376b2,2d56b7dd-a541-5e9b-b5f9-799513137467,282d5a98-4f10-447d-9cc0-2953a46c8bf0,localhost,chrome,Linux,laptop,1536x960,en-US,FR,,,/about,,,,,,,/about,,,À propos de CMD Breizh | Conciergerie Presqu'île de Crozon,,,,,,,\N,\N,\N,\N,\N,1,,,,2026-09-07 21:57:43,\N
8b01b6b5-5654-44d9-896b-6b4a52226756,e6b92f7a-afff-5fea-9e1d-58f01ffc6c04,e14429bd-5501-57b0-a202-8daa217d2804,5d8e00eb-e095-4f31-91f4-f53f39dd7cc4,localhost,chrome,Windows 10,laptop,1280x720,en-US,FR,,,/contact,,,,,,,,,,Contactez CMD Breizh | Conciergerie Presqu'île de Crozon,,,,,,,\N,\N,\N,\N,\N,1,,,,2026-09-07 21:57:50,\N
8b01b6b5-5654-44d9-896b-6b4a52226756,e6b92f7a-afff-5fea-9e1d-58f01ffc6c04,e14429bd-5501-57b0-a202-8daa217d2804,ca439e7a-c709-4466-a0d9-4ad36524ea69,localhost,chrome,Windows 10,laptop,1280x720,en-US,FR,,,/reviews,,,,,,,,,,Avis clients CMD Breizh | Conciergerie Presqu'île de Crozon,,,,,,,\N,\N,\N,\N,\N,1,,,,2026-09-07 21:57:50,\N
8b01b6b5-5654-44d9-896b-6b4a52226756,e6b92f7a-afff-5fea-9e1d-58f01ffc6c04,e14429bd-5501-57b0-a202-8daa217d2804,54376ef5-9110-4a86-a892-f864aa828b83,localhost,chrome,Windows 10,laptop,1280x720,en-US,FR,,,/about,,,,,,,,,,À propos de CMD Breizh | Conciergerie Presqu'île de Crozon,,,,,,,\N,\N,\N,\N,\N,1,,,,2026-09-07 21:57:50,\N
8b01b6b5-5654-44d9-896b-6b4a52226756,e6b92f7a-afff-5fea-9e1d-58f01ffc6c04,e14429bd-5501-57b0-a202-8daa217d2804,825087c5-7ce5-4458-aab9-17870eb20291,localhost,chrome,Windows 10,laptop,1280x720,en-US,FR,,,/,,,,,,,,,,"Conciergerie Presqu'île de Crozon - CMD Breizh | Nettoyage, Jardinage, Gestion",,,,,,,\N,\N,\N,\N,\N,1,,,,2026-09-07 21:57:50,\N
8b01b6b5-5654-44d9-896b-6b4a52226756,e6b92f7a-afff-5fea-9e1d-58f01ffc6c04,e14429bd-5501-57b0-a202-8daa217d2804,e787b3ff-800f-4d2f-a969-a6383e3dd5ac,localhost,chrome,Windows 10,laptop,1280x720,en-US,FR,,,/gdpr,,,,,,,,,,Politique de confidentialité | CMD Breizh,,,,,,,\N,\N,\N,\N,\N,1,,,,2026-09-07 21:57:51,\N
8b01b6b5-5654-44d9-896b-6b4a52226756,649e0e0f-4517-5cd5-b529-99d48e6376b2,2d56b7dd-a541-5e9b-b5f9-799513137467,74addaad-1eae-428f-b6c7-e89f320bd268,localhost,chrome,Linux,laptop,1536x960,en-US,FR,,,/about,,,,,,,/about,,,À propos de CMD Breizh | Conciergerie Presqu'île de Crozon,,,,,,,\N,\N,\N,\N,\N,1,,,,2026-09-07 21:58:17,\N
8b01b6b5-5654-44d9-896b-6b4a52226756,649e0e0f-4517-5cd5-b529-99d48e6376b2,2d56b7dd-a541-5e9b-b5f9-799513137467,43ce7c1c-4a37-4496-b531-f6b35f74a55c,localhost,chrome,Linux,laptop,1536x960,en-US,FR,,,/about,,,,,,,/about,,,À propos de CMD Breizh | Conciergerie Presqu'île de Crozon,,,,,,,\N,\N,\N,\N,\N,1,,,,2026-09-07 21:58:22,\N
8b01b6b5-5654-44d9-896b-6b4a52226756,649e0e0f-4517-5cd5-b529-99d48e6376b2,2d56b7dd-a541-5e9b-b5f9-799513137467,c83592be-1b82-4eda-b628-f3d27bc7e89d,localhost,chrome,Linux,laptop,1536x960,en-US,FR,,,/,,,,,,,/about,,,"Conciergerie Presqu'île de Crozon - CMD Breizh | Nettoyage, Jardinage, Gestion",,,,,,,\N,\N,\N,\N,\N,1,,,,2026-09-07 21:58:25,\N
8b01b6b5-5654-44d9-896b-6b4a52226756,649e0e0f-4517-5cd5-b529-99d48e6376b2,2d56b7dd-a541-5e9b-b5f9-799513137467,d6ea24dd-a870-4ee7-a8b0-08db882e22f9,localhost,chrome,Linux,laptop,1536x960,en-US,FR,,,/about,,,,,,,/,,,À propos de CMD Breizh | Conciergerie Presqu'île de Crozon,,,,,,,\N,\N,\N,\N,\N,1,,,,2026-09-07 21:58:27,\N
8b01b6b5-5654-44d9-896b-6b4a52226756,649e0e0f-4517-5cd5-b529-99d48e6376b2,2d56b7dd-a541-5e9b-b5f9-799513137467,1bab7b2a-bef3-462e-a743-6333ea6024ba,localhost,chrome,Linux,laptop,1536x960,en-US,FR,,,/contact,,,,,,,/about,,,Contactez CMD Breizh | Conciergerie Presqu'île de Crozon,,,,,,,\N,\N,\N,\N,\N,1,,,,2026-09-07 21:58:28,\N
8b01b6b5-5654-44d9-896b-6b4a52226756,649e0e0f-4517-5cd5-b529-99d48e6376b2,2d56b7dd-a541-5e9b-b5f9-799513137467,c2600ac1-a451-48aa-9213-b69c121400f8,localhost,chrome,Linux,laptop,1536x960,en-US,FR,,,/reviews,,,,,,,/contact,,,Avis clients CMD Breizh | Conciergerie Presqu'île de Crozon,,,,,,,\N,\N,\N,\N,\N,1,,,,2026-09-07 21:58:31,\N
8b01b6b5-5654-44d9-896b-6b4a52226756,649e0e0f-4517-5cd5-b529-99d48e6376b2,2d56b7dd-a541-5e9b-b5f9-799513137467,a095d732-7de2-4a4f-bc69-ee791c8e8b84,localhost,chrome,Linux,laptop,1536x960,en-US,FR,,,/contact,,,,,,,/reviews,,,Contactez CMD Breizh | Conciergerie Presqu'île de Crozon,,,,,,,\N,\N,\N,\N,\N,1,,,,2026-09-07 21:58:34,\N
8b01b6b5-5654-44d9-896b-6b4a52226756,649e0e0f-4517-5cd5-b529-99d48e6376b2,2d56b7dd-a541-5e9b-b5f9-799513137467,5e920190-9493-4f43-b829-9969cfed9248,localhost,chrome,Linux,laptop,1536x960,en-US,FR,,,/reviews,,,,,,,/contact,,,Avis clients CMD Breizh | Conciergerie Presqu'île de Crozon,,,,,,,\N,\N,\N,\N,\N,1,,,,2026-09-07 21:58:36,\N
8b01b6b5-5654-44d9-896b-6b4a52226756,649e0e0f-4517-5cd5-b529-99d48e6376b2,2d56b7dd-a541-5e9b-b5f9-799513137467,f1b687b2-248d-4806-8f0f-bd5e106d76a9,localhost,chrome,Linux,laptop,1536x960,en-US,FR,,,/contact,,,,,,,/reviews,,,Contactez CMD Breizh | Conciergerie Presqu'île de Crozon,,,,,,,\N,\N,\N,\N,\N,1,,,,2026-09-07 21:58:38,\N
8b01b6b5-5654-44d9-896b-6b4a52226756,649e0e0f-4517-5cd5-b529-99d48e6376b2,2d56b7dd-a541-5e9b-b5f9-799513137467,1496e780-bab5-415f-acdb-59f3f1f85749,localhost,chrome,Linux,laptop,1536x960,en-US,FR,,,/reviews,,,,,,,/contact,,,Avis clients CMD Breizh | Conciergerie Presqu'île de Crozon,,,,,,,\N,\N,\N,\N,\N,1,,,,2026-09-07 21:58:40,\N
8b01b6b5-5654-44d9-896b-6b4a52226756,649e0e0f-4517-5cd5-b529-99d48e6376b2,2d56b7dd-a541-5e9b-b5f9-799513137467,e99444ad-ce79-408e-bda5-dbf0ddec902d,localhost,chrome,Linux,laptop,1536x960,en-US,FR,,,/contact,,,,,,,/reviews,,,Contactez CMD Breizh | Conciergerie Presqu'île de Crozon,,,,,,,\N,\N,\N,\N,\N,1,,,,2026-09-07 21:59:15,\N
8b01b6b5-5654-44d9-896b-6b4a52226756,649e0e0f-4517-5cd5-b529-99d48e6376b2,2d56b7dd-a541-5e9b-b5f9-799513137467,01874f77-2ef0-45ad-8d4f-dd925beb7f31,localhost,chrome,Linux,laptop,1536x960,en-US,FR,,,/reviews,,,,,,,/contact,,,Avis clients CMD Breizh | Conciergerie Presqu'île de Crozon,,,,,,,\N,\N,\N,\N,\N,1,,,,2026-09-07 21:59:26,\N
8b01b6b5-5654-44d9-896b-6b4a52226756,649e0e0f-4517-5cd5-b529-99d48e6376b2,2d56b7dd-a541-5e9b-b5f9-799513137467,2de59ea8-8249-4975-a4cf-d4f1ee292727,localhost,chrome,Linux,laptop,1536x960,en-US,FR,,,/contact,,,,,,,/reviews,,,Contactez CMD Breizh | Conciergerie Presqu'île de Crozon,,,,,,,\N,\N,\N,\N,\N,1,,,,2026-09-07 21:59:39,\N
8b01b6b5-5654-44d9-896b-6b4a52226756,649e0e0f-4517-5cd5-b529-99d48e6376b2,2d56b7dd-a541-5e9b-b5f9-799513137467,50205aea-72b7-46d3-aac0-09878bf38da6,localhost,chrome,Linux,laptop,1536x960,en-US,FR,,,/reviews,,,,,,,/contact,,,Avis clients CMD Breizh | Conciergerie Presqu'île de Crozon,,,,,,,\N,\N,\N,\N,\N,1,,,,2026-09-07 21:59:48,\N
8b01b6b5-5654-44d9-896b-6b4a52226756,649e0e0f-4517-5cd5-b529-99d48e6376b2,2d56b7dd-a541-5e9b-b5f9-799513137467,a2b495fd-757f-4935-960c-fdf2061d9ad4,localhost,chrome,Linux,laptop,1536x960,en-US,FR,,,/contact,,,,,,,/reviews,,,Contactez CMD Breizh | Conciergerie Presqu'île de Crozon,,,,,,,\N,\N,\N,\N,\N,1,,,,2026-09-07 21:59:51,\N
8b01b6b5-5654-44d9-896b-6b4a52226756,649e0e0f-4517-5cd5-b529-99d48e6376b2,2d56b7dd-a541-5e9b-b5f9-799513137467,d216b050-8e45-4e82-a29b-805f96d605d6,localhost,chrome,Linux,laptop,1536x960,en-US,FR,,,/reviews,,,,,,,/contact,,,Avis clients CMD Breizh | Conciergerie Presqu'île de Crozon,,,,,,,\N,\N,\N,\N,\N,1,,,,2026-09-07 22:00:09,\N
8b01b6b5-5654-44d9-896b-6b4a52226756,649e0e0f-4517-5cd5-b529-99d48e6376b2,2d56b7dd-a541-5e9b-b5f9-799513137467,c683d69b-c29c-4d67-bfd9-0546ef5a6e0b,localhost,chrome,Linux,laptop,1536x960,en-US,FR,,,/about,,,,,,,/reviews,,,À propos de CMD Breizh | Conciergerie Presqu'île de Crozon,,,,,,,\N,\N,\N,\N,\N,1,,,,2026-09-07 22:00:14,\N
8b01b6b5-5654-44d9-896b-6b4a52226756,649e0e0f-4517-5cd5-b529-99d48e6376b2,2d56b7dd-a541-5e9b-b5f9-799513137467,60b61e1b-fa97-47a5-909e-353bc15155b5,localhost,chrome,Linux,laptop,1536x960,en-US,FR,,,/,,,,,,,/about,,,"Conciergerie Presqu'île de Crozon - CMD Breizh | Nettoyage, Jardinage, Gestion",,,,,,,\N,\N,\N,\N,\N,1,,,,2026-09-07 22:00:15,\N
8b01b6b5-5654-44d9-896b-6b4a52226756,649e0e0f-4517-5cd5-b529-99d48e6376b2,2d56b7dd-a541-5e9b-b5f9-799513137467,8fe668bd-2a85-4b1d-9e8b-aa65e3edb7b8,localhost,chrome,Linux,laptop,1536x960,en-US,FR,,,/contact,,,,,,,/,,,Contactez CMD Breizh | Conciergerie Presqu'île de Crozon,,,,,,,\N,\N,\N,\N,\N,1,,,,2026-09-07 22:00:17,\N
8b01b6b5-5654-44d9-896b-6b4a52226756,8bda825c-e139-5a08-a6e5-5972a4e6615a,09740f9e-8398-5fb7-af66-6368c1898208,4d39a2fc-e424-4ec2-a793-444d86fb7e6e,www.cmd.bzh,chrome,Windows 10,laptop,1920x1080,fr-FR,FR,FR-IDF,Antony,/,,,,,,,/,,google.com,"Conciergerie Presqu'île de Crozon - CMD Breizh | Nettoyage, Jardinage, Gestion",,,,,,,\N,\N,\N,\N,\N,1,,,,2026-09-09 08:18:38,\N
8b01b6b5-5654-44d9-896b-6b4a52226756,8bda825c-e139-5a08-a6e5-5972a4e6615a,09740f9e-8398-5fb7-af66-6368c1898208,d2751713-3d75-47c4-b021-05a67042ac93,www.cmd.bzh,chrome,Windows 10,laptop,1920x1080,fr-FR,FR,FR-IDF,Antony,/about,,,,,,,/,,,À propos de CMD Breizh | Conciergerie Presqu'île de Crozon,,,,,,,\N,\N,\N,\N,\N,1,,,,2026-09-09 08:18:41,\N
8b01b6b5-5654-44d9-896b-6b4a52226756,8bda825c-e139-5a08-a6e5-5972a4e6615a,09740f9e-8398-5fb7-af66-6368c1898208,3bf0e7b3-be9f-4d69-8fb6-40fdb5cd8f33,www.cmd.bzh,chrome,Windows 10,laptop,1920x1080,fr-FR,FR,FR-IDF,Antony,/,,,,,,,/about,,,"Conciergerie Presqu'île de Crozon - CMD Breizh | Nettoyage, Jardinage, Gestion",,,,,,,\N,\N,\N,\N,\N,1,,,,2026-09-09 08:20:58,\N
8b01b6b5-5654-44d9-896b-6b4a52226756,8bda825c-e139-5a08-a6e5-5972a4e6615a,09740f9e-8398-5fb7-af66-6368c1898208,e26005dc-5df3-4430-9f02-d78168609a53,www.cmd.bzh,chrome,Windows 10,laptop,1920x1080,fr-FR,FR,FR-IDF,Antony,/contact,,,,,,,/,,,Contactez CMD Breizh | Conciergerie Presqu'île de Crozon,,,,,,,\N,\N,\N,\N,\N,1,,,,2026-09-09 08:21:13,\N
8b01b6b5-5654-44d9-896b-6b4a52226756,8bda825c-e139-5a08-a6e5-5972a4e6615a,09740f9e-8398-5fb7-af66-6368c1898208,40f18665-973d-41a7-af92-073feb5d654d,www.cmd.bzh,chrome,Windows 10,laptop,1920x1080,fr-FR,FR,FR-IDF,Antony,/reviews,,,,,,,/contact,,,Avis clients CMD Breizh | Conciergerie Presqu'île de Crozon,,,,,,,\N,\N,\N,\N,\N,1,,,,2026-09-09 08:21:23,\N
8b01b6b5-5654-44d9-896b-6b4a52226756,8bda825c-e139-5a08-a6e5-5972a4e6615a,6a8e3782-2dc8-55a0-9959-65a44f9c78a0,172c346e-35e6-4410-89c2-5905a38a88b1,www.cmd.bzh,chrome,Windows 10,laptop,1920x1080,fr-FR,FR,FR-IDF,Antony,/,,,,,,,/,,google.com,"Conciergerie Presqu'île de Crozon - CMD Breizh | Nettoyage, Jardinage, Gestion",,,,,,,\N,\N,\N,\N,\N,1,,,,2026-09-09 09:19:59,\N
8b01b6b5-5654-44d9-896b-6b4a52226756,c27d2aec-038c-56d7-ade2-78048310bec1,627aa8ec-436b-5486-842d-4b0ba6dc8e4b,8c9f7ca3-f11e-42a4-80c7-c254c21226d5,www.cmd.bzh,firefox,Windows 10,laptop,1920x1080,fr,FR,FR-IDF,Paris,/,,,,,,,/,,google.com,"Conciergerie Presqu'île de Crozon - CMD Breizh | Nettoyage, Jardinage, Gestion",,,,,,,\N,\N,\N,\N,\N,1,,,,2026-09-10 15:06:22,\N
8b01b6b5-5654-44d9-896b-6b4a52226756,1adcee35-d343-54e8-a107-4b1b2c71247b,759706d0-92a3-5277-a10d-a3e810083d98,adb7d7a4-d26b-4ef3-b762-40976690763b,www.cmd.bzh,ios,iOS,mobile,440x956,fr-FR,FR,FR-BRE,Brest,/,,,,,,,/,,google.com,"Conciergerie Presqu'île de Crozon - CMD Breizh | Nettoyage, Jardinage, Gestion",,,,,,,\N,\N,\N,\N,\N,1,,,,2026-09-11 06:36:11,\N
8b01b6b5-5654-44d9-896b-6b4a52226756,acc522d5-49e3-559d-aa9f-a850051f1aab,2b60031b-5bbf-52fe-8d3a-15459e2f594e,c68bc2ca-4d73-4fa9-a9e5-512931e0c1c8,www.cmd.bzh,chrome,Android OS,mobile,360x792,fr-FR,FR,FR-IDF,,/,,,,,,,/,,google.com,"Conciergerie Presqu'île de Crozon - CMD Breizh | Nettoyage, Jardinage, Gestion",,,,,,,\N,\N,\N,\N,\N,1,,,,2026-09-11 15:31:56,\N
8b01b6b5-5654-44d9-896b-6b4a52226756,acc522d5-49e3-559d-aa9f-a850051f1aab,2b60031b-5bbf-52fe-8d3a-15459e2f594e,803ef09b-9660-4234-981f-5cb7aff2eba0,www.cmd.bzh,chrome,Android OS,mobile,360x792,fr-FR,FR,FR-IDF,,/about,,,,,,,/,,,À propos de CMD Breizh | Conciergerie Presqu'île de Crozon,,,,,,,\N,\N,\N,\N,\N,1,,,,2026-09-11 15:32:13,\N
8b01b6b5-5654-44d9-896b-6b4a52226756,acc522d5-49e3-559d-aa9f-a850051f1aab,2b60031b-5bbf-52fe-8d3a-15459e2f594e,fed56785-2166-468f-abaa-7ddcc223ba04,www.cmd.bzh,chrome,Android OS,mobile,360x792,fr-FR,FR,FR-IDF,,/reviews,,,,,,,/about,,,Avis clients CMD Breizh | Conciergerie Presqu'île de Crozon,,,,,,,\N,\N,\N,\N,\N,1,,,,2026-09-11 15:33:54,\N
8b01b6b5-5654-44d9-896b-6b4a52226756,acc522d5-49e3-559d-aa9f-a850051f1aab,2b60031b-5bbf-52fe-8d3a-15459e2f594e,936d2a65-300f-42e8-9765-db052d932419,www.cmd.bzh,chrome,Android OS,mobile,360x792,fr-FR,FR,FR-IDF,,/about,,,,,,,/reviews,,,À propos de CMD Breizh | Conciergerie Presqu'île de Crozon,,,,,,,\N,\N,\N,\N,\N,1,,,,2026-09-11 15:34:01,\N
8b01b6b5-5654-44d9-896b-6b4a52226756,acc522d5-49e3-559d-aa9f-a850051f1aab,2b60031b-5bbf-52fe-8d3a-15459e2f594e,98cd5f41-5548-4303-a83e-7b7b6beb082d,www.cmd.bzh,chrome,Android OS,mobile,360x792,fr-FR,FR,FR-IDF,,/,,,,,,,/about,,,"Conciergerie Presqu'île de Crozon - CMD Breizh | Nettoyage, Jardinage, Gestion",,,,,,,\N,\N,\N,\N,\N,1,,,,2026-09-11 15:34:02,\N
